name,key,description,member_labels,member_label_groups,fully_expanded_members,href
SS_MC-LGA,app,Label group for shared services in Monaco perimeter,,,,/orgs/1/sec_policy/draft/label_groups/39182d2a-cf09-48a5-b292-ea4be2d16e6e
WORKLOADS_GCR-LGA,app,Label group for all GCR applications + core services + Shared services + Mutualized + Citrix VDI,,SS_GCR-LGA;AP_GTS-LGA;MUT_GCR-LGA;CTX_GCR-LGA;AP_GCR-LGA;CS_GCR-LGA,CSM_RBD_SEC.ACS.OFP_ALL; APM_L1.GBTO_HIGHWAY; CSM_GTS_IAS.SBS.LINUX; CTX_GCR_SITI-AG; AP_GCR_KYC; APM_L1.GBTO_EOLE.ALISE.GATE.L1; AP_GCR_B2CH_OLD; CSM_NET_FRA.PEPSY.ROUGE.DHCP; APM_GTS_DWS.WKS.FR; MUT_GCR_TIBBW; CSU_STO_NFS.SYS.USER_ALL; CSM_RBD_CYBERARK.STANDARD.FRA.GTS; APM_L1.SGRF_ETECE; AP_GCR_GP3_OLD; APM_L1.GBTO_REPLAY; CSM_RBD_CYBERARK.STANDARD.UK.GTS; CSM_NET_DHCP.NDQ.GSC; CSM_RBD_CYBERARK.MVS.ADMIN; CSM_RBD_PAS.BDT_ALL; AP_GCR_RNE; AP_GCR_NXS; AP_GCR_IDT; AP_GCR_APD; CSM_DEP_FRA.SCCM.CORP; CSM_RBD_CYBERARK.STANDARD.FRA.BUSU; SS_LB_CLOUD_SGSS_GCR; AP_GTS_TIB; APM_GTS.SEC.DSS_VARONIS.ITIM; AP_GCR_MTX; AP_GCR_GCA; APM_L1.GBTO_ELIOT.L1; APM_GCR_SIB; APM_L1.SGRF_MCF.L1; SS_ITECARC_XLDEPLOY_GCR; MUT_GCR_MQ; CTX_GCR_COMMON_DESKTOP-AG; AP_GCR_TPR; CSM_RBD_IAS.WINDOWS_ALL; AP_GCR_DFP; APM_L1.SGRF_CRISTAL.PFP.ELAPS; SS_BASTION_PAACTWIN_GCR; AP_GTS_NTS; CTX_GCR_BCA; APM_L3.GBTO.EUR_CG.X.ONE.CL.EUR.IAAS; CSM_SEC_SGCONNECT.L1; CSM_RBD_CYBERARK.STANDARD.GSC.GTS; CSM_SEC_SEPM.GSC; CSM_RBD_SEC.ACS.OUD_ALL; APM_GTS.SEC.SCS_PKC; APM_GCR_PTF; APM_GCR_M1F; CSM_GTS_FRA.NDG.MASTERING.INFRA; CSM_RBD_CYBERARK.STANDARD.UK.BUSU; CSM_RBD_CYBERARK.STANDARD.ASIA.GTS; APM_GTS_CYBERARK.YOGA.MAINFRAME; CTX_GCR_NGC; AP_GCR_GDT; APT_SDS_NONPRD; AP_GCR_PEA; AP_GCR_NGC; CSM_RBD_IAS.LINUX_ALL; CSM_SEC_SEPM.WW; CSM_RBD_SEC.ACS.LDD_ALL; CSM_RBD_PAS.DVF_ALL; AP_GCR_SOX; CSM_RBD_CYBERARK.STANDARD.ASIA.BUSU; MUT_GCR_ORACLE; AP_GCR_ENT; APM_L1.GBTO_LOAN.IQ; CSM_RBD_CYBERARK.STANDARD.GSC.BUSU; AP_GTS_A2S; APM_GTS_DWS.FR; APM_L3.GBTO.EUR_CG.X.ONE.CL.EUR; CTX_GCR_ONE; CSM_RBD_CYBERARK.PREMIUM.SABA.GTS; APM_GTS.SEC.STS_ILU; APM_L3.GTS.EUR_ILLUMIO.SM.L3; APM_GTS_AIX.INFRA.SERVER.IAS.SYS; CSM_BCK_FRA.NETWORKER; APM_GTS.SEC.DSS_VARONIS.EMEA; CTX_GCR_BIR; AP_GCR_SLA; AP_GCR_DRW; AP_GCR_CTG; AP_GCR_CPL; APM_GCR_OIB; APM_L1.GBTO_GL.APF.L1; APM_GTS_LUIGI.DWF.MIGRATION.FACTORY; APM_GTS_AD.REMDIATION.PATH; APM_GTS.SEC.SCS_PKC.IAAS; CSM_BCK_FRA.NETWORKER.GSC; CSM_RBD_CYBERARK.PREMIUM.SABA.BUSU; AP_GCR_GP3; APM_L3.GBTO_CASH.EUROPE; CSM_RBD_IAS.AIX_ALL; CST_DEP_HPSA_ALL_EAO-A7010-PRD.A7010; APM_GTS.SEC.STS_MYFLOWS; APM_L1.GBTO_X.ONE.L1; APM_GCR_PFI; CSU_MON_ZABBIX_ALL; CSM_RBD_OPM.MOS_ALL; APM_GTS.SEC.DSS_VARONIS.CORP; AP_GCR_BCTA_OLD,/orgs/1/sec_policy/draft/label_groups/2eca67c8-27cf-496e-ad7c-d73728e9833a
WORKLOADS_IAS.WINDOWS-LGA,app,"Label Group Containing all Windows IAS Infra servers (Rebounds, Admin..)",,,,/orgs/1/sec_policy/draft/label_groups/ec1fda5b-db6f-43a8-aa63-5203f3dd07b6
KPI_PROGRAM_RECO.13.HARDENING.GTS.FR-LGA,app,Applications initially onboarded in HARDENING GTS than moved to RECO13,APM_GTS_CG.FRA.AUTOSYS; APM_GTS_CG.CITRIX.ACCESS.CHAIN; APM_GTS_CG.FRA.AUTOSYS.IAAS,,APM_GTS_CG.FRA.AUTOSYS; APM_GTS_CG.CITRIX.ACCESS.CHAIN; APM_GTS_CG.FRA.AUTOSYS.IAAS,/orgs/1/sec_policy/draft/label_groups/0172f23b-7a07-4f81-bf9e-e0e8cb8b627b
CSM_AMER.USA-LGA,app,,SSM_RBD_CYBERARK.AMER; CSM_ADMIN_IAS.LINUX_ALL; CSM_RBD_IAS.WINDOWS_ALL,,SSM_RBD_CYBERARK.AMER; CSM_ADMIN_IAS.LINUX_ALL; CSM_RBD_IAS.WINDOWS_ALL,/orgs/1/sec_policy/draft/label_groups/70751e8c-114d-4b9c-bfee-65b9ecdee05f
SS_GCR-LGA,app,Shared Services label group,SS_BASTION_PAACTWIN_GCR; SS_LB_CLOUD_SGSS_GCR; SS_ITECARC_XLDEPLOY_GCR,SS_ALL-LGA,SS_BASTION_PAACTWIN_GCR; SS_LB_CLOUD_SGSS_GCR; SS_ITECARC_XLDEPLOY_GCR,/orgs/1/sec_policy/draft/label_groups/fc3502b5-6c73-422a-993d-455395463e91
L3.NSAL3P.GTS.HSM.DATA.EXTERNAL-LGA,app,,APM_L3.NSAL3P.GTS.DATA.EXTERNAL_KMP.AGENTLESS; APM_L3.NSAL3P.GTS.DATA.EXTERNAL_KMP,,APM_L3.NSAL3P.GTS.DATA.EXTERNAL_KMP.AGENTLESS; APM_L3.NSAL3P.GTS.DATA.EXTERNAL_KMP,/orgs/1/sec_policy/draft/label_groups/7a29f1b7-41bb-4496-aa68-bc046afe8435
KPI_PROGRAM_BCE.RECO.8.CHR.HARIBO-LGA,app,"LG for Less sensitive / Critical Highly Regulated Applications, also part of HARIBO Program",APM_L1.GBTO_CHR.GP4; APM_L1.GBTO_CHR.GP4.IAAS,,APM_L1.GBTO_CHR.GP4; APM_L1.GBTO_CHR.GP4.IAAS,/orgs/1/sec_policy/draft/label_groups/8b33862f-826e-46a1-9bef-ffe13d3d5f1b
APPGROUP_BCE.RECO.13-LGA,app,,APM_L3.SABA.IAS.NORTH_IAS.CTS.HPS.NORTH; CSM_L3.SABA.IAS_SABA.IAS.CTS.HPS.AK754; APM_L3.SABA.GBTO_CG.SABA.GBTO.REPLAY; CSM_L3.SABA.GTS.ADMIN.TOOLS_SABA.PAS.DRE.GREEN.AK703; APM_L3.SABA.GTS_SABA.SEC.VAU.AK715; APM_L3.SABA.IAS.ASIA_SABA.IAS.ASIA.SBS.A7797; APM_L3.SABA.EUR.CYBERARK.TOOLS_SABA.EUR.CYBERARK.TOOLS.A7099; APM_L3.SABA.GBTO_CG.SABA.GBTO.REPLAY.IAAS,,APM_L3.SABA.GBTO_CG.SABA.GBTO.REPLAY.IAAS; APM_L3.SABA.IAS.NORTH_IAS.CTS.HPS.NORTH; CSM_L3.SABA.IAS_SABA.IAS.CTS.HPS.AK754; APM_L3.SABA.GBTO_CG.SABA.GBTO.REPLAY; CSM_L3.SABA.GTS.ADMIN.TOOLS_SABA.PAS.DRE.GREEN.AK703; APM_L3.SABA.GTS_SABA.SEC.VAU.AK715; APM_L3.SABA.IAS.ASIA_SABA.IAS.ASIA.SBS.A7797; APM_L3.SABA.EUR.CYBERARK.TOOLS_SABA.EUR.CYBERARK.TOOLS.A7099,/orgs/1/sec_policy/draft/label_groups/177c8141-e5f4-4ab2-b91f-effc5a7385c9
KPI_PROGRAM_BCE.RECO.8.CG-LGA,app,KPI Label Group for applications onboraded in context of BCE Recommendation 8.1,APM_L3.SANA.NSAL3P.BSC.DMZ.RTFE.API_SANA.RTFE.API; APM_CFT_CHR.AIMS.GEN1; APM_L3.SGRF.EUR_CG.CFT.CFY; APM_L1.GBTO_CG.L1.BAD.SST; APM_CFT_CHR.TALKS; APM_L1.SGRF_GRC.L1; APM_L1.SGRF_COLOSS.FBI; APM_L1.SGRF_COLOSS.ECX; APM_L1.SGRF_COLOSS.COL; APM_L1.SGRF_BASYLIQ.TCT; APM_L1.SGRF_BASYLIQ.BYQ; APM_L1.SGRF_BASYLIQ.BBC; APM_L1.GBTO_SORA; APM_L1.GBTO_GSP.T2S; APM_L1.GBTO_E.SETTLEMENT; APM_L1.GBTO_E.FUND.ORDER; APM_L1.GBTO_CBR; APM_L3.SGRF_COLOSS; APM_L3.GTS.EUR_CG.VAULT.RP.GTS; APM_L3.GBTO.EUR_CG.MUREX; APM_L3.SGRF_SAFIR.CREDIT.RISK; APM_L3.SGRF_SATIS; APM_L1.GBTO_BDR; APM_L1.SGRF_CDM.DFIN; APM_L3.GBTO.EUR_CG.MAESTRO; APM_L1.GBTO_MONTRAN; APM_L1.GBTO_ELIOT.L1; APM_L3.SGRF.EUR_CG.GED.GCB; APM_L1.SGRF_VIREMENTS.UNIFIES; APM_L1.SGRF_SGTALK.SGT.L1; APM_L1.SGRF_SGTALK.VOX.L1; APM_L1.GBTO_LOAN.IQ; APM_L1.GBTO_HIGHWAY; APM_L1.GBTO_REPLAY; APM_L3.GBTO_CASH.EUROPE; APM_L1.SGRF_GED.GBQ; APM_L1.SGRF_GED.GBA; APM_L1.SGRF_GED.IGB; APM_L1.SGRF_GED.GBX; APM_L1.SGRF_GED.ACV.L1; APM_L1.DDS.EUR_CG.SMARTPROXY; APM_L3.SWIFT.AMER_CG.SWIFT.ALLIANCE.US; APM_L3.SGRF.EUR_CG.SGTALK.VOX.EXPOSED; APM_L3.SGRF.EUR_CG.SGTALK.SGT.EXPOSED; APM_L3.SGRF.EUR_CG.SGTALK.MNR.EXPOSED; APM_L3.SGRF.EUR_CG.SGTALK.DIG.EXPOSED; APM_L3.NSAL3P.BSC.DMZ.DC2.RTFE_CG.RTFE.DC2; APM_L3.NSAL3P.BSC.DMZ.SC2.RTFE_CG.RTFE.SC2; APM_L3.NSAL3P.BSC.DMZ.SC2.RTFE_CG.RTFE.SC2.EXPOSED; APM_L3.NSAL3P.BSC.DMZ.DC2.RTFE_CG.RTFE.DC2.EXPOSED; APM_L1.SGRF_SAFIR.CREDIT.RISK.L1; SSM_GTS_CG.FRA.WEBSPHERE; APM_L3.SWIFT.EUR_CG.SWIFT.SCS; APM_L3.SWIFT.EUR_CG.SWIFT.INTIX; APM_L3.SABA.GBTO_CG.SABA.GL.APF; APM_L3.NSAL3P.BSC.GTS_CG.VAULT.RP; APM_L3.SGRF.EUR_CG.NRG; APM_L3.GTS.EUR_FRA-CONTROLM; APM_GTS_CG.NEWFED; APM_CTX_FRA.CTX.WORKER.LOAN.IQ; CSM_CTX_FRA.CTX.PUBLISHED.DESKTOP; APM_CTX_FRA.CTX.WORKER.BDR; APM_L1.SGRF_GED.ACA.L1; APM_L3.SGRF.EUR_CG.NAUPLIE; APM_L1.SGRF_SGTALK.DIG.L1; APM_L1.SGRF_SGTALK.MNR.L1; APM_L1.GBTO_GL.APF.L1; APM_L3.SGRF.EUR_CG.GRC; AP_RCR_GED.GCG; APM_L1.GBTO_BACARDI; APM_L1.SGRF_NOSICA; APM_L3.BSC_VAULT.RP; APM_L3.CRYPTO_FRA.PKI; APM_L3.GBTO.EUR_CG.BACARDI; APM_L3.GBTO.EUR_CG.BDR; APM_L3.GBTO.EUR_CASH.EUROPE; APM_L3.GBTO.EUR_CG.CBR; APM_L3.GBTO.EUR_CG.E.FUND.ORDER; APM_L3.GBTO_E.SETTLEMENT; APM_L3.GBTO.EUR_CG.ELIOT.EUR; APM_L3.GBTO.EUR_CG.GL.APF; APM_L3.GBTO.EUR_CG.GSP.T2S; APM_L3.GBTO.EUR_CG.HIGHWAY.L3.GBTO.EUR; APM_L3.GBTO.EUR_CG.LOAN.IQ; APM_L3.GBTO.AMER_CG.MONTRAN; APM_L3.GBTO.EUR_CG.REPLAY; APM_L3.GBTO_SATIS; APM_L3.GBTO.EUR_CG.SORA; APM_L3.SGRF.EUR_CG.BASYLIQ.BBC; APM_L3.SGRF.EUR_CG.BASYLIQ.BYQ; APM_L3.SGRF_BASYLIQ.TCT; APM_L3.SGRF.EUR_CG.CDM.DFIN; APM_L3.SGRF.EUR_CG.COLOSS.ECX; APM_L3.SGRF_COLOSS.COL; APM_L3.SGRF.EUR_CG.COLOSS.FBI; APM_L3.SGRF.EUR_CG.ERG.EVOLAN.ERG; APM_L3.SGRF.EUR_FTAAS.L3.SGRF; APM_L3.SGRF.EUR_CG.GED.ACA; APM_L3.SGRF.EUR_CG.GED.ACV; APM_L3.SGRF.EUR_CG.GED.GBA; APM_L3.SGRF.EUR_CG.GED.GBQ; APM_L3.SGRF.EUR_CG.GED.GBX; APM_L3.SGRF.EUR_CG.GED.IGB; APM_L3.SGRF.EUR_CG.NOSICA; APM_L3.SGRF.EUR_CG.SAFIR.CREDIT.RISK; APM_L3.SGRF_URTA; APM_L3.SGRF.EUR_CG.VIREMENTS.UNIFIES; APM_L3.SWIFT.EUR_CG.SWIFT.SAG; APM_L3.SWIFT.EUR_CG.SWIFT.SFAP; APM_L3.SWIFT.EUR_CG.SWIFT.STARS; APM_L3.SWIFT.EUR_CG.SWIFT.SWING; APM_L1.SWIFT_SWIFT.STARS.L1; APM_L1.SWIFT_SWIFT.SWING.L1; APM_L1.SWIFT_SFAP; APM_L1.SWIFT_SAG; APM_L3.SGRF.EUR_CG.ERG.EVOLAN.ERL; APM_L3.GBTO.ASIA_CG.ELIOT.ASIA; APM_L3.GBTO.AMER_CG.ELIOT.AMER; APM_L3.SGRF.EUR_CG.SATIS.L3.SGRF; APM_L3.GBTO.EUR_CG.SATIS.L3.GBTO; APM_L3.GBTO.EUR_CG.SGCONNECT.L3; APM_L3.GBTO.EUR_CG.E.SETTLEMENT; APM_L3.FIGARO.EUR_CG.FIGARO; APM_L3.GBTO.AMER_CG.X.ONE.AMER; APM_L3.HP.EUR_CG.HIGHWAY.L3.HP; APM_L3.LENOVO.EUR_CG.HIGHWAY.L3.LENOVO.EUR; APM_L3.SGRF.EUR_CG.CASH.EUROPE; APM_L3.SGRF.EUR_CG.COLOSS.COL; APM_L3.SGRF.EUR_CG.SGTALK.DIG; APM_L3.SGRF.EUR_CG.SGTALK.MNR; APM_L3.SGRF.EUR_CG.SGTALK.SGT; APM_L3.SGRF.EUR_CG.SGTALK.VOX; APM_L3.FIGARO.EUR_CG.FIGARO.IRSA; APM_L3.GBTO.EUR_FTAAS.L3.GBTO; APM_L3.SGRF.EUR_CG.GED.GCG; APM_L3.DTZONE.EUR.FRONT.MARCOUSSIS_CG.SGCONNECT.DTZONE.FRONT.MARCOUSSIS; APM_L3.DTZONE.EUR.BACK.PANTIN_CG.SGCONNECT.DTZONE.BACK.PANTIN; APM_L3.DTZONE.EUR.FRONT.PANTIN_CG.SGCONNECT.DTZONE.FRONT.PANTIN; APM_L3.DTZONE.EUR.BACK.MARCOUSSIS_CG.SGCONNECT.DTZONE.BACK.MARCOUSSIS; APM_L3.SWIFT.EUR_CG.SWIFT.AGI; APM_L3.SWIFT.EUR_CG.SWIFT.AWP; APM_L3.SWIFT.EUR_CG.SWIFT.MIW; APM_L1.GBTO_CG.L1.BAD.BSS; APM_GTS_CG.FRA.FTR; APM_CTX_FRA.CTX.WORKER.XONE; APM_CTX_FRA.CTX.WORKER.ELIOT; APM_CTX_FRA.CTX.WORKER.ERG; APM_GTS.AMER_CG.AUTOSYS.AMER; APM_L3.SANA.DMZ.RTFE.TOOLING.AUTHENT.ISE_SANA.RTFE.TOOLING; APM_L3.GBTO.EUR_CG.GSP.T2S.IAAS; APM_L3.GBTO.EUR_CG.ELIOT.EUR.IAAS; APM_L3.SGRF.EUR_CG.COLOSS.COL.IAAS; APM_L3.SGRF.EUR_CG.ERG.EVOLAN.ERG.IAAS; APM_L3.GBTO.EUR_CG.GL.APF.IAAS; APM_L3.GBTO.EUR_CG.SORA.IAAS; APM_L3.GBTO.EUR_CG.MUREX.IAAS; APM_L3.GBTO.EUR_CG.E.FUND.ORDER.IAAS; APM_L3.GBTO.EUR_CG.E.SETTLEMENT.IAAS; APM_L3.GBTO.EUR_CG.BACARDI.IAAS; APM_L3.SGRF.EUR_CG.GED.GBQ.IAAS; APM_L3.SGRF.EUR_CG.COLOSS.ECX.IAAS; APM_L3.SGRF.EUR_CG.SAFIR.CREDIT.RISK.IAAS; APM_L3.GBTO.EUR_CG.BDR.IAAS; APM_L3.GBTO.EUR_CG.CBR.IAAS; APM_L3.SGRF.EUR_CG.NOSICA.IAAS; APM_CFT_CHR.TALKS.IAAS; APM_L3.SGRF.EUR_CG.SATIS.L3.SGRF.IAAS; APM_L3.GBTO.AMER_CG.X.ONE.AMER.IAAS; APM_L3.SGRF.EUR_CG.BASYLIQ.BBC.IAAS; APM_L3.SGRF.EUR_CG.GED.GBX.IAAS; APM_L3.SGRF.EUR_CG.GED.IGB.IAAS; APM_RBS_CREDIT360.IAAS; APM_L3.GBTO.EUR_CG.LOAN.IQ.IAAS; APM_L3.GBTO.EUR_CG.MAESTRO.IAAS; APM_L3.SGRF.EUR_CG.CASH.EUROPE.IAAS; APM_L3.SGRF.EUR_CG.SGTALK.VOX.TEST,,APM_L3.GBTO.EUR_CG.HIGHWAY.L3.GBTO.EUR; APM_L3.SWIFT.EUR_CG.SWIFT.SWING; APM_L3.SGRF.EUR_CG.GED.GCG; APM_L3.DTZONE.EUR.BACK.MARCOUSSIS_CG.SGCONNECT.DTZONE.BACK.MARCOUSSIS; APM_L3.GBTO.EUR_CG.LOAN.IQ.IAAS; APM_CFT_CHR.AIMS.GEN1; APM_L1.GBTO_GSP.T2S; APM_L1.GBTO_E.FUND.ORDER; APM_L3.GBTO.EUR_CG.MUREX; APM_L3.NSAL3P.BSC.DMZ.DC2.RTFE_CG.RTFE.DC2; APM_L3.SGRF.EUR_CG.NRG; APM_L1.SGRF_NOSICA; APM_L3.GBTO.EUR_CG.E.SETTLEMENT; APM_L1.SGRF_COLOSS.FBI; APM_L1.SGRF_BASYLIQ.BBC; APM_CTX_FRA.CTX.WORKER.BDR; APM_L3.GBTO.EUR_CG.BDR.IAAS; APM_L1.SGRF_GED.GBX; APM_L3.NSAL3P.BSC.DMZ.SC2.RTFE_CG.RTFE.SC2; APM_L3.SGRF.EUR_CG.NAUPLIE; APM_L3.SGRF.EUR_CG.ERG.EVOLAN.ERL; APM_L3.GTS.EUR_CG.VAULT.RP.GTS; APM_L1.DDS.EUR_CG.SMARTPROXY; APM_L1.SGRF_GED.ACA.L1; APM_L3.SGRF_BASYLIQ.TCT; APM_L3.SGRF.EUR_CG.GED.ACA; APM_L3.GBTO.EUR_CG.CBR.IAAS; APM_L3.SGRF.EUR_CG.GED.GBX.IAAS; APM_L3.SGRF.EUR_CG.GED.GCB; APM_L3.GBTO_CASH.EUROPE; APM_L1.GBTO_GL.APF.L1; APM_L3.CRYPTO_FRA.PKI; APM_L3.SGRF.EUR_CG.SATIS.L3.SGRF; APM_L3.SGRF.EUR_CG.GED.GBQ.IAAS; APM_L3.NSAL3P.BSC.DMZ.DC2.RTFE_CG.RTFE.DC2.EXPOSED; APM_L3.GBTO_E.SETTLEMENT; APM_L3.SGRF.EUR_CG.COLOSS.FBI; APM_L3.SWIFT.EUR_CG.SWIFT.SFAP; APM_CTX_FRA.CTX.WORKER.ELIOT; APM_L3.GBTO.EUR_CG.ELIOT.EUR.IAAS; APM_L3.SGRF.EUR_CG.NOSICA.IAAS; APM_L3.NSAL3P.BSC.GTS_CG.VAULT.RP; APM_L3.GBTO.EUR_CG.GL.APF; APM_CTX_FRA.CTX.WORKER.LOAN.IQ; APM_L3.SGRF.EUR_CG.GED.IGB.IAAS; APM_L1.SGRF_BASYLIQ.BYQ; SSM_GTS_CG.FRA.WEBSPHERE; APM_GTS_CG.NEWFED; APM_L3.SGRF.EUR_CG.CASH.EUROPE; APM_L3.FIGARO.EUR_CG.FIGARO.IRSA; APM_L1.SGRF_GED.ACV.L1; APM_L3.GBTO.EUR_CG.SGCONNECT.L3; APM_GTS_CG.FRA.FTR; APM_CTX_FRA.CTX.WORKER.XONE; APM_L1.SGRF_COLOSS.COL; APM_L1.SGRF_BASYLIQ.TCT; APM_L3.GBTO.EUR_CG.MAESTRO; APM_L3.SGRF.EUR_FTAAS.L3.SGRF; APM_L3.LENOVO.EUR_CG.HIGHWAY.L3.LENOVO.EUR; APM_L3.GBTO.EUR_CG.MAESTRO.IAAS; APM_L1.GBTO_CG.L1.BAD.SST; APM_L1.GBTO_SORA; APM_L1.GBTO_MONTRAN; APM_L1.GBTO_ELIOT.L1; APM_L1.SGRF_SGTALK.MNR.L1; APM_GTS.AMER_CG.AUTOSYS.AMER; APM_L3.SGRF.EUR_CG.COLOSS.COL.IAAS; APM_L3.SGRF.EUR_CG.ERG.EVOLAN.ERG.IAAS; APM_L3.GBTO.EUR_CG.GL.APF.IAAS; APM_L1.GBTO_REPLAY; APM_L3.SGRF.EUR_CG.SGTALK.SGT.EXPOSED; APM_L3.SGRF.EUR_CG.SGTALK.MNR.EXPOSED; APM_L3.NSAL3P.BSC.DMZ.SC2.RTFE_CG.RTFE.SC2.EXPOSED; CSM_CTX_FRA.CTX.PUBLISHED.DESKTOP; APM_L3.GBTO.EUR_CG.BDR; APM_L3.SGRF.EUR_CG.GED.GBX; APM_L3.SWIFT.EUR_CG.SWIFT.AWP; APM_L1.GBTO_CBR; APM_L1.SGRF_GED.GBA; APM_L1.GBTO_CG.L1.BAD.BSS; APM_L1.GBTO_HIGHWAY; APM_L1.SGRF_SAFIR.CREDIT.RISK.L1; APM_L3.SABA.GBTO_CG.SABA.GL.APF; APM_L3.SGRF.EUR_CG.BASYLIQ.BYQ; APM_L3.SGRF.EUR_CG.GED.ACV; APM_L3.SGRF.EUR_CG.GED.GBA; APM_L1.SWIFT_SWIFT.SWING.L1; APM_L3.DTZONE.EUR.BACK.PANTIN_CG.SGCONNECT.DTZONE.BACK.PANTIN; APM_L3.SWIFT.EUR_CG.SWIFT.AGI; APM_RBS_CREDIT360.IAAS; APM_CFT_CHR.TALKS; APM_L3.SGRF.EUR_CG.SGTALK.VOX.EXPOSED; APM_L3.GBTO.EUR_CG.E.SETTLEMENT.IAAS; APM_L3.SGRF.EUR_CG.COLOSS.ECX.IAAS; APM_L3.SGRF_COLOSS; APM_L1.GBTO_BDR; APM_L3.GBTO.EUR_CASH.EUROPE; APM_L3.GBTO.EUR_CG.BACARDI.IAAS; APM_L1.GBTO_LOAN.IQ; APM_L1.SGRF_SGTALK.DIG.L1; APM_L3.GBTO.EUR_CG.GSP.T2S; APM_L3.SGRF.EUR_CG.SGTALK.VOX; APM_L3.GBTO.EUR_CG.E.FUND.ORDER.IAAS; APM_L3.SGRF_SATIS; APM_L3.SWIFT.EUR_CG.SWIFT.STARS; APM_L3.GBTO.AMER_CG.ELIOT.AMER; APM_L3.SGRF.EUR_CG.SGTALK.MNR; APM_L3.SGRF.EUR_CG.SGTALK.SGT; APM_L3.BSC_VAULT.RP; APM_L3.GBTO.AMER_CG.MONTRAN; APM_L3.SGRF.EUR_CG.GED.GBQ; APM_L3.SGRF.EUR_CG.GED.IGB; APM_L3.GBTO.AMER_CG.X.ONE.AMER.IAAS; APM_L3.SGRF.EUR_CG.BASYLIQ.BBC.IAAS; AP_RCR_GED.GCG; APM_L3.GBTO.EUR_CG.ELIOT.EUR; APM_L3.SGRF_SAFIR.CREDIT.RISK; APM_L1.SGRF_SGTALK.VOX.L1; APM_L3.SWIFT.EUR_CG.SWIFT.INTIX; APM_L3.GBTO.ASIA_CG.ELIOT.ASIA; APM_L3.GBTO.EUR_CG.SORA.IAAS; APM_L3.SANA.NSAL3P.BSC.DMZ.RTFE.API_SANA.RTFE.API; APM_L1.SGRF_SGTALK.SGT.L1; APM_L3.SGRF.EUR_CG.SGTALK.DIG.EXPOSED; APM_L3.GBTO_SATIS; APM_L3.SGRF.EUR_CG.BASYLIQ.BBC; APM_L3.GBTO.EUR_FTAAS.L3.GBTO; APM_L3.SWIFT.EUR_CG.SWIFT.SCS; APM_L3.GTS.EUR_FRA-CONTROLM; APM_L3.GBTO.EUR_CG.BACARDI; APM_L3.GBTO.EUR_CG.CBR; APM_L3.GBTO.EUR_CG.REPLAY; APM_L3.SWIFT.EUR_CG.SWIFT.SAG; APM_L1.SWIFT_SFAP; APM_CTX_FRA.CTX.WORKER.ERG; APM_L3.SANA.DMZ.RTFE.TOOLING.AUTHENT.ISE_SANA.RTFE.TOOLING; APM_L3.SGRF.EUR_CG.SATIS.L3.SGRF.IAAS; APM_L3.SGRF.EUR_CG.GRC; APM_L3.SGRF_URTA; APM_L3.GBTO.EUR_CG.SORA; APM_L3.SGRF.EUR_CG.NOSICA; APM_CFT_CHR.TALKS.IAAS; APM_L3.SGRF.EUR_CG.SGTALK.VOX.TEST; APM_L1.SGRF_COLOSS.ECX; APM_L1.SGRF_CDM.DFIN; APM_L1.SGRF_GED.GBQ; APM_L3.SGRF.EUR_CG.COLOSS.ECX; APM_L3.SGRF.EUR_CG.ERG.EVOLAN.ERG; APM_L3.SGRF.EUR_CG.VIREMENTS.UNIFIES; APM_L1.SWIFT_SAG; APM_L3.GBTO.AMER_CG.X.ONE.AMER; APM_L3.SGRF.EUR_CG.CFT.CFY; APM_L1.SWIFT_SWIFT.STARS.L1; APM_L3.DTZONE.EUR.FRONT.PANTIN_CG.SGCONNECT.DTZONE.FRONT.PANTIN; APM_L3.GBTO.EUR_CG.MUREX.IAAS; APM_L1.SGRF_GED.IGB; APM_L3.SWIFT.AMER_CG.SWIFT.ALLIANCE.US; APM_L1.GBTO_BACARDI; APM_L3.GBTO.EUR_CG.LOAN.IQ; APM_L3.SGRF.EUR_CG.CDM.DFIN; APM_L3.GBTO.EUR_CG.SATIS.L3.GBTO; APM_L3.HP.EUR_CG.HIGHWAY.L3.HP; APM_L3.DTZONE.EUR.FRONT.MARCOUSSIS_CG.SGCONNECT.DTZONE.FRONT.MARCOUSSIS; APM_L1.GBTO_E.SETTLEMENT; APM_L1.SGRF_VIREMENTS.UNIFIES; APM_L3.SGRF_COLOSS.COL; APM_L3.FIGARO.EUR_CG.FIGARO; APM_L3.SWIFT.EUR_CG.SWIFT.MIW; APM_L3.GBTO.EUR_CG.GSP.T2S.IAAS; APM_L3.SGRF.EUR_CG.CASH.EUROPE.IAAS; APM_L1.SGRF_GRC.L1; APM_L3.GBTO.EUR_CG.E.FUND.ORDER; APM_L3.SGRF.EUR_CG.SAFIR.CREDIT.RISK; APM_L3.SGRF.EUR_CG.COLOSS.COL; APM_L3.SGRF.EUR_CG.SGTALK.DIG; APM_L3.SGRF.EUR_CG.SAFIR.CREDIT.RISK.IAAS,/orgs/1/sec_policy/draft/label_groups/10f6a543-46f9-43a9-b1d0-2d0490d4a9b6
KPI_SUB_ENTITY_GBIS-GBSU.REG-LGA,app,For KPI calculation purpose. Label group that contain Application Labels part of GBSU.REG Sub-entity,APM_L1.GBTO_REPLAY; APM_L3.GBTO.EUR_CG.REPLAY; APM_L3.GBTO.EUR_CG.CBR; APM_L3.GBTO.EUR_CG.CBR.IAAS,,APM_L3.GBTO.EUR_CG.CBR; APM_L3.GBTO.EUR_CG.CBR.IAAS; APM_L1.GBTO_REPLAY; APM_L3.GBTO.EUR_CG.REPLAY,/orgs/1/sec_policy/draft/label_groups/438ba839-f99c-401b-a193-3e8bc567c12f
L3.SWIFT.EUR-LGA,app,,APM_L3.SWIFT.EUR_CG.SWIFT.SAG; APM_L3.SWIFT.EUR_CG.SWIFT.SWING; APM_L3.SWIFT.EUR_CG.SWIFT.STARS; APM_L3.SWIFT.EUR_CG.SWIFT.SFAP,,APM_L3.SWIFT.EUR_CG.SWIFT.SAG; APM_L3.SWIFT.EUR_CG.SWIFT.SWING; APM_L3.SWIFT.EUR_CG.SWIFT.STARS; APM_L3.SWIFT.EUR_CG.SWIFT.SFAP,/orgs/1/sec_policy/draft/label_groups/80731dd4-3e6a-42ee-bc0f-b83a284bd8ee
KPI_SUB_ENTITY_GBIS-GBSU.MAR-LGA,app,,APM_L1.GBTO_MONTRAN; APM_L3.GBTO.AMER_CG.MONTRAN; APM_L3.SABA.GBTO_CG.SABA.GL.APF,,APM_L1.GBTO_MONTRAN; APM_L3.GBTO.AMER_CG.MONTRAN; APM_L3.SABA.GBTO_CG.SABA.GL.APF,/orgs/1/sec_policy/draft/label_groups/65937d05-8f04-499d-a2eb-664af0bcc29f
KPI_STRATEGY_CARTO-LGA,app,Applications onboarded in illumio only for having flow observation (no enforcement will be applied),APM_L1.GBTO_BACARDI; APM_L1.GBTO_ELIOT.L1; AP_RCR_GED.GCG; APM_L1.SGRF_GED.GBQ; APM_L3.GBTO_CASH.EUROPE; APM_L1.GBTO_LOAN.IQ; APM_L1.GBTO_HIGHWAY; APM_L1.SGRF_SGTALK.VOX.L1; APM_L1.SGRF_SGTALK.SGT.L1; APM_L1.SGRF_SGTALK.MNR.L1; APM_L1.SGRF_SGTALK.DIG.L1; CSM_RBD_OPM.MOS_ALL; APM_L1.GBTO_GL.APF.L1; APM_L1.SGRF_GED.ACA.L1; APM_L1.SGRF_GED.ACV.L1; APM_L1.SGRF_GED.GBX; APM_L1.SGRF_GED.IGB; APM_L1.SGRF_GED.GBA; CSM_RBD_SEC.SCS_ALL; APM_L1.SGRF_VIREMENTS.UNIFIES; APM_L1.GBTO_MONTRAN; APM_L1.GBTO_BDR; APM_L1.SGRF_CDM.DFIN; APM_L1.SGRF_ETECE; APM_L3.SGRF_SAFIR.CREDIT.RISK; CSM_SYS-UNX_396246_PRD-UNIX.CORE.INFRA; APM_L1.SGRF_GRC.L1; APM_L1.SWIFT_SWIFT.STARS.L1; APM_L1.SWIFT_SWIFT.SWING.L1; APM_L1.SWIFT_SFAP; APM_L1.SWIFT_SAG; APM_L1.SGRF_SAFIR.CREDIT.RISK.L1,,APM_L1.SGRF_SAFIR.CREDIT.RISK.L1; AP_RCR_GED.GCG; CSM_RBD_OPM.MOS_ALL; APM_L1.SGRF_GED.IGB; APM_L1.GBTO_MONTRAN; APM_L1.SGRF_ETECE; CSM_SYS-UNX_396246_PRD-UNIX.CORE.INFRA; APM_L1.SGRF_GED.GBQ; APM_L1.GBTO_GL.APF.L1; APM_L1.SGRF_GED.ACA.L1; APM_L1.SGRF_GED.GBA; APM_L1.SGRF_SGTALK.MNR.L1; CSM_RBD_SEC.SCS_ALL; APM_L1.SGRF_VIREMENTS.UNIFIES; APM_L1.SGRF_GRC.L1; APM_L1.SWIFT_SWIFT.STARS.L1; APM_L1.SWIFT_SFAP; APM_L1.GBTO_BACARDI; APM_L3.GBTO_CASH.EUROPE; APM_L1.GBTO_HIGHWAY; APM_L1.SGRF_SGTALK.SGT.L1; APM_L1.GBTO_BDR; APM_L1.SWIFT_SWIFT.SWING.L1; APM_L1.SGRF_SGTALK.DIG.L1; APM_L1.SGRF_GED.ACV.L1; APM_L1.SGRF_CDM.DFIN; APM_L1.GBTO_ELIOT.L1; APM_L1.SGRF_SGTALK.VOX.L1; APM_L1.SGRF_GED.GBX; APM_L1.SWIFT_SAG; APM_L1.GBTO_LOAN.IQ; APM_L3.SGRF_SAFIR.CREDIT.RISK,/orgs/1/sec_policy/draft/label_groups/55be238a-3b86-4645-b3b9-b75d818b9acd
DB.ORACLE_LGR,role,,DB.OCP; DB.MANAGED.OCP; DB.ORACLE.RAC; DB.ORA.EXADATA.CC; DB.ORA.GEN1,,DB.OCP; DB.MANAGED.OCP; DB.ORACLE.RAC; DB.ORA.EXADATA.CC; DB.ORA.GEN1,/orgs/1/sec_policy/draft/label_groups/925ef4d6-3b94-42a5-9d26-71994eb934bc
WORKLOADS_MC-LGA,app,Label group for all application in Monaco perimeter + Core services + shared services.,,SS_MC-LGA;CS_MC-LGA;AP_MC-LGA,,/orgs/1/sec_policy/draft/label_groups/062718d8-626a-46df-a168-1ba2075ea0af
KPI_ALL_UNMANAGED.APP-LGA,app,Label Group for all unmanaged Applications (Application having only unmanaged workloads),AP_GCR_PRS; AP_GCR_SLA; AP_GCR_GNU; CTX_GCR_BCA; AP_GCR_CPL; AP_GCR_ENT; AP_GCR_KYC; AP_GCR_INF; AP_GCR_MTX; AP_GCR_IDT; SS_BASTION_PAACTWIN_GCR; CSM_SYS_SSHKIT.SSK; AP_GCR_GP3; CST_PPAAS_AME_ALL; CST_STO_ENG.UNIX_ALL-ALL; CST_MONITOR_NAGIOS_ALL-ALL; CSU_GTS_PPAAS_ALL; AP_GCR_TTG-OLD; CTX_GCR_BIR; AP_RCR_JDM; AP_GTS_TIB; AP_GCR_TPR; SS_LB_CLOUD_SGSS_GCR; AP_GCR_NGC; AP_GCR_DFP; AP_GCR_GP3_OLD; AP_GCR_BCTA_OLD; SS_ITECARC_XLDEPLOY_GCR; APM_L1.GBTO_ELIOT.L1; AP_GCR_APD; CTX_GCR_ONE; CTX_GCR_NGC; APT_SDS_NONPRD; AP_GCR_DRW; AP_GCR_PEA; AP_GCR_GDT; AP_GCR_CTG; CTX_GCR_SITI-AG; AP_GCR_RNE; Decom_SS_SEC_CYBERARK_GCR; AP_GTS_NTS; CSU_STO_NFS.SYS.USER_ALL; MUT_GCR_TIBBW; AP_GCR_NXS; AP_GCR_B2CH_OLD; AP_GCR_GCA; AP_GTS_A2S; CSU_MON_ZABBIX_ALL; CSU_MON_NASTEL.MKT_ALL,,SS_BASTION_PAACTWIN_GCR; AP_GCR_GP3; CST_PPAAS_AME_ALL; CTX_GCR_BIR; AP_GCR_BCTA_OLD; CTX_GCR_ONE; CTX_GCR_BCA; AP_GCR_INF; AP_GCR_GDT; SS_ITECARC_XLDEPLOY_GCR; APM_L1.GBTO_ELIOT.L1; AP_GCR_PEA; MUT_GCR_TIBBW; CSU_GTS_PPAAS_ALL; AP_RCR_JDM; AP_GCR_TTG-OLD; AP_GCR_APD; AP_GCR_B2CH_OLD; AP_GTS_A2S; AP_GCR_MTX; CST_STO_ENG.UNIX_ALL-ALL; AP_GCR_ENT; CSM_SYS_SSHKIT.SSK; AP_GCR_NGC; AP_GCR_DFP; AP_GCR_GCA; CSU_MON_NASTEL.MKT_ALL; AP_GCR_PRS; AP_GCR_GNU; Decom_SS_SEC_CYBERARK_GCR; AP_GCR_SLA; SS_LB_CLOUD_SGSS_GCR; AP_GTS_NTS; AP_GCR_NXS; CSU_MON_ZABBIX_ALL; AP_GCR_GP3_OLD; CTX_GCR_SITI-AG; AP_GCR_TPR; APT_SDS_NONPRD; AP_GCR_DRW; AP_GCR_RNE; CSU_STO_NFS.SYS.USER_ALL; AP_GCR_CPL; AP_GTS_TIB; CST_MONITOR_NAGIOS_ALL-ALL; CTX_GCR_NGC; AP_GCR_CTG; AP_GCR_KYC; AP_GCR_IDT,/orgs/1/sec_policy/draft/label_groups/5e4d04b6-1eff-4f4a-b697-ab7cf84f3e18
KPI_PROGRAM_BCE.RECO.8.CHR-LGA,app,LG including Critical Highly Regulated Applications part of ECB Reco 8 Program,APM_GBTO_CHR.RFI; APM_GBTO_CHR.N-TIER; APM_GBTO_CHR.JEDEAI; APM_GBTO_CHR.ROOM; APM_GBTO_CHR.STAFF.REGISTRATION.TOOL; APM_GBTO_CHR.N-TIER.IAAS; APM_GBTO_CHR.ROOM.IAAS; APM_GBTO_CHR.STAFF.REGISTRATION.TOOL.IAAS; APM_CFT_CHR.EXP,,APM_GBTO_CHR.STAFF.REGISTRATION.TOOL.IAAS; APM_CFT_CHR.EXP; APM_GBTO_CHR.JEDEAI; APM_GBTO_CHR.ROOM; APM_GBTO_CHR.STAFF.REGISTRATION.TOOL; APM_GBTO_CHR.N-TIER.IAAS; APM_GBTO_CHR.RFI; APM_GBTO_CHR.N-TIER; APM_GBTO_CHR.ROOM.IAAS,/orgs/1/sec_policy/draft/label_groups/986afd43-f447-49dc-a595-8818b7fac082
L3.NSAL3P.GTS.HSM.DATA.INTERNAL-LGA,app,,APM_L3.NSAL3P.GTS.DATA_KEY; APU_L3.NSAL3P.GTS.DATA_KEY.AGENTLESS; APM_L3.NSAL3P.GTS.DATA.INTERNAL_KMP; APU_L3.NSAL3P.GTS.DATA.INTERNAL_KMP.AGENTLESS,,APM_L3.NSAL3P.GTS.DATA_KEY; APU_L3.NSAL3P.GTS.DATA_KEY.AGENTLESS; APM_L3.NSAL3P.GTS.DATA.INTERNAL_KMP; APU_L3.NSAL3P.GTS.DATA.INTERNAL_KMP.AGENTLESS,/orgs/1/sec_policy/draft/label_groups/c413c980-969e-489d-a685-ea8d7d208fcb
KPI_PROGRAM_HARIBO-LGA,app,Import Label group through workloader,APM_GCR_BCA; APM_GBTO_BANCS.CASH.BCH; APM_GCR_SRG.BIR; APM_GCR_CLS.CONTROL.BRANCH; APM_GBTO_CHR.IDL.COCKPIT; APM_GBTO_CHR.NCI; APM_GCR_SIB; MUT_GCR_MQ; MUT_GCR_ORACLE; MUT_SGSS_DLFR; APM_GCR_E.CASH; APM_GBTO_ISI; APM_GBTO_CHR.NCI.IAAS; APM_GCR_E.CASH.IAAS; APM_GBTO_CHR.IDL.COCKPIT.IAAS; APM_GBTO_BANCS.CASH.BCH.IAAS,,APM_GCR_CLS.CONTROL.BRANCH; APM_GCR_SIB; MUT_SGSS_DLFR; APM_GBTO_CHR.NCI.IAAS; APM_GBTO_CHR.IDL.COCKPIT; APM_GBTO_ISI; APM_GCR_BCA; APM_GBTO_BANCS.CASH.BCH; APM_GBTO_CHR.NCI; MUT_GCR_MQ; APM_GBTO_CHR.IDL.COCKPIT.IAAS; APM_GBTO_BANCS.CASH.BCH.IAAS; APM_GCR_SRG.BIR; MUT_GCR_ORACLE; APM_GCR_E.CASH; APM_GCR_E.CASH.IAAS,/orgs/1/sec_policy/draft/label_groups/ca36cc94-a43a-4438-af1d-7c54d6531830
L3.GBTO.EUR-LGA,app,,APM_L3.GBTO.EUR_CG.BDR; APM_L3.GBTO.EUR_CG.HIGHWAY.L3.GBTO.EUR; APM_L3.GBTO.EUR_CG.MAESTRO; APM_L3.GBTO.EUR_CG.REPLAY; APM_L3.GBTO.EUR_CG.BACARDI; APM_L3.GBTO.EUR_CG.ELIOT.EUR; APM_L3.GBTO.EUR_CG.EOLE.ALISE.GATE; APM_L3.GBTO.EUR_CG.GL.APF; APM_L3.GBTO.EUR_CG.LOAN.IQ; APM_L3.GBTO.EUR_CG.MUREX; APM_L3.GBTO.EUR_CG.SATIS.L3.GBTO; APM_L3.GBTO.EUR_CG.X.ONE.EUR; APM_L3.GBTO.EUR_CASH.EUROPE; APM_L3.GBTO.EUR_CG.CBR; APM_L3.GBTO.EUR_CG.E.FUND.ORDER; APM_L3.GBTO.EUR_CG.E.SETTLEMENT; APM_L3.GBTO.EUR_FTAAS.L3.GBTO; APM_L3.GBTO.EUR_CG.GSP.T2S; APM_L3.GBTO.EUR_CG.SGCONNECT.L3; APM_L3.GBTO.EUR_CG.SORA; APM_L3.GBTO.EUR_CG.X.ONE.CL.EUR; APM_L3.GBTO.EUR_CG.CBR.IAAS; APM_L3.GBTO.EUR_CG.LOAN.IQ.IAAS; APM_L3.GBTO.EUR_CG.MUREX.IAAS; APM_L3.GBTO.EUR_CG.GSP.T2S.IAAS; APM_L3.GBTO.EUR_CG.MAESTRO.IAAS; APM_L3.GBTO.EUR_CG.GL.APF.IAAS; APM_L3.GBTO.EUR_CG.SORA.IAAS; APM_L3.GBTO.EUR_CG.EOLE.ALISE.GATE.IAAS; APM_L3.GBTO.EUR_CG.X.ONE.CL.EUR.IAAS; APM_L3.GBTO.EUR_CG.BACARDI.IAAS; APM_L3.GBTO.EUR_CG.E.FUND.ORDER.IAAS; APM_L3.GBTO.EUR_CG.E.SETTLEMENT.IAAS; APM_L3.GBTO.EUR_CG.X.ONE.EUR.IAAS; APM_L3.GBTO.EUR_CG.ELIOT.EUR.IAAS,,APM_L3.GBTO.EUR_CG.LOAN.IQ; APM_L3.GBTO.EUR_CG.X.ONE.EUR; APM_L3.GBTO.EUR_CG.X.ONE.CL.EUR; APM_L3.GBTO.EUR_CG.BACARDI; APM_L3.GBTO.EUR_CG.CBR; APM_L3.GBTO.EUR_CG.E.FUND.ORDER.IAAS; APM_L3.GBTO.EUR_CG.HIGHWAY.L3.GBTO.EUR; APM_L3.GBTO.EUR_CG.ELIOT.EUR; APM_L3.GBTO.EUR_CG.EOLE.ALISE.GATE; APM_L3.GBTO.EUR_CASH.EUROPE; APM_L3.GBTO.EUR_FTAAS.L3.GBTO; APM_L3.GBTO.EUR_CG.EOLE.ALISE.GATE.IAAS; APM_L3.GBTO.EUR_CG.MAESTRO; APM_L3.GBTO.EUR_CG.E.SETTLEMENT; APM_L3.GBTO.EUR_CG.GSP.T2S; APM_L3.GBTO.EUR_CG.MUREX.IAAS; APM_L3.GBTO.EUR_CG.SATIS.L3.GBTO; APM_L3.GBTO.EUR_CG.E.SETTLEMENT.IAAS; APM_L3.GBTO.EUR_CG.X.ONE.EUR.IAAS; APM_L3.GBTO.EUR_CG.GSP.T2S.IAAS; APM_L3.GBTO.EUR_CG.SORA.IAAS; APM_L3.GBTO.EUR_CG.SORA; APM_L3.GBTO.EUR_CG.GL.APF; APM_L3.GBTO.EUR_CG.MUREX; APM_L3.GBTO.EUR_CG.BACARDI.IAAS; APM_L3.GBTO.EUR_CG.ELIOT.EUR.IAAS; APM_L3.GBTO.EUR_CG.REPLAY; APM_L3.GBTO.EUR_CG.E.FUND.ORDER; APM_L3.GBTO.EUR_CG.SGCONNECT.L3; APM_L3.GBTO.EUR_CG.CBR.IAAS; APM_L3.GBTO.EUR_CG.LOAN.IQ.IAAS; APM_L3.GBTO.EUR_CG.MAESTRO.IAAS; APM_L3.GBTO.EUR_CG.GL.APF.IAAS; APM_L3.GBTO.EUR_CG.X.ONE.CL.EUR.IAAS; APM_L3.GBTO.EUR_CG.BDR,/orgs/1/sec_policy/draft/label_groups/0d8040ce-4e51-4d73-bc69-3e057b41816a
AP_AMER.USA-LGA,app,This label group only for AMER applicatoin,SSM_RBD_CYBERARK.AMER; CSM_RBD_IAS.WINDOWS_ALL,,SSM_RBD_CYBERARK.AMER; CSM_RBD_IAS.WINDOWS_ALL,/orgs/1/sec_policy/draft/label_groups/0779def1-0a5f-428f-a27e-60571d05b62a
WORKLOADS_IAS.LINUX-LGA,app,"Label Group containing all IAS Linux infra servers (Rebound, Admin, SSHKit)",CSM_RBD_IAS.LINUX_ALL; CSM_SYS_SSHKIT.SSK; CSM_GTS_IAS.SBS.LINUX,,CSM_GTS_IAS.SBS.LINUX; CSM_RBD_IAS.LINUX_ALL; CSM_SYS_SSHKIT.SSK,/orgs/1/sec_policy/draft/label_groups/99c67bd1-0000-4787-b027-fd1a1aa0f206
KPI_PROGRAM_SNOW4REGION-LGA,app,Import Label group through workloader,CSM_NET_DHCP.NDQ.GSC; CSM_SEC_SEPM.GSC,,CSM_NET_DHCP.NDQ.GSC; CSM_SEC_SEPM.GSC,/orgs/1/sec_policy/draft/label_groups/4ecf8662-ac7a-4e02-8bfa-c21a95fd502d
KPI_RUN.LEVEL_MEDIUM-LGA,app,,APM_AFMO_SGSN.BANQUEPRIVEE.N86; CSM_MON_MS.WIN.CORE.INFRA.MARACIAAS; CSM_RBD_PAS.MDW.MTS.MOM_ALL; CSM_RBD_SEC.ACS.LDO_ALL; CSM_SEC_SEPM.GSC; APM_GTS_NAS.SERVERS; CSU_GTS_PPAAS_ALL; CSM_ADMIN_IAS.WINDOWS_ALL; CSM_RBD_CYBERARK.MVS.BUSU; CSM_RBD_CYBERARK.STANDARD.UK.GTS; APM_L3.SGRF.EUR_CG.SGTALK.DIG; APM_RCR_APM.MUT; CSM_BATCH_FRA.CONTROLM.BDDF; CSM_BCK_FRA.NETWORKER.2; CSM_RBD_CYBERARK.MVS.ADMIN; APM_GTS.SEC.DSS_VARONIS.ITIM; APM_GTS_DWS.WKS.FR; APM_L3.GBTO.EUR_CG.X.ONE.CL.EUR; CSM_RBD_CYBERARK.STANDARD.UK.BUSU; APM_GTS.SEC.DVF_AMER.LDO; CSM_RBD_SEC.SCS_ALL; APM_L3.SGRF.EUR_CG.SGTALK.SGT; CSM_DEP_FRA.SCCM.CORP; APM_GCR_OIB; APM_GTS.SEC.SCS_HASHICORP.CP.MYVAULT; APM_L3.GTS.EUR_ILLUMIO.SM.L3; CSM_RBD_PAS.MDW.CACHE_ALL; APM_GBTO_CHR.IDL.COCKPIT; APM_GTS_CYBERARK.YOGA.MAINFRAME; APM_L3.SWIFT.EUR_CG.SWIFT.INTIX; APM_GTS_FRA.GWIM.GLOBAL.WINDOWS.MASTER; APM_IBFS_SGEF.PL.EGERIA.EGI; CSM_BCK_FRA.TSM.RBDF; CSM_RBD_PAS.ADB_ALL; CSM_RBD_SEC.ACS.OUD_ALL; APM_GCR_PTF; APM_GTS.SEC.SCS_PKC; APM_GTS_FRA.ADMIN.TERADATA; APM_IBFS_SGEF.PL.WEBCON.EGH; APM_L3.SGRF.EUR_CG.SAFIR.CREDIT.RISK; APM_L3.SGRF.EUR_FTAAS.L3.SGRF; CSM_SYS_VIRTUAL.MACHINE.SERVER.MEDIUM; CSM_SYS_WW.PUPPET.AAS; APM_GBTO_BANCS.CASH.BCH; APM_GTS_MS.WINDOWS.INFRASTRUCTURE; CSM_SYS-NTS_1326_DEV-WINDOWS.CORE.INFRA; APM_GTS_CG.FRA.AUTOSYS; CSM_BCK_VERITAS.NETBACKUP; CSM_RBD_PAS.MDW.CTN_ALL; MUT_GCR_MQ; APM_L3.NSAL3P.BSC.DMZ.SC2.RTFE_CG.RTFE.SC2; APM_L3.SGRF.EUR_CG.SGTALK.MNR; APM_GTS.SEC.SCS.EUR_KMP; APM_GTS_DWS.FR; APM_L3.GBTO.EUR_FTAAS.L3.GBTO; APM_L3.SGRF.EUR_CG.SGTALK.VOX; CSM_RBD_PAS.DRE_ALL; APM_GTS.SEC.DSS_VARONIS.CORP; MUT_SGSS_DLFR; APM_AFMO_SGSN.IMAGES.CHEQUES.N92; APM_L3.NSAL3P.BSC.DMZ.DC2.RTFE_CG.RTFE.DC2; CSM_AUTH_AMER.IDM.PLT; CSM_RBD_PAS.MDW.BO_ALL; CSM_RBD_PAS.MDW.MTS.MOM.MFT_ALL; CSM_RBD_SEC.ACS.DSI.DMZ; CSM_RBD_SEC.ACS.OFP_ALL; MUT_GCR_ORACLE; APM_AFMO_SGSN.KCP.N91; CSM_DEP_MASTER.UNIX.SATELLITE.CAPSULES; CSM_RBD_PAS.BDT_ALL; CSM_RBD_CYBERARK.ALERO.GTS; CSM_RBD_SEC.ACS.IRU_ALL; CSM_RBD_SEC.ACS.LDD_ALL; CSM_SEC_SEPM.WW; CSM_SYS-WUM-WW.UNIX.MASTER; APM_GCR_PFI; APM_GTS_AIX.INFRA.SERVER.IAS.SYS; CSM_MGT_FRA.ADMIN.INFRA.MAINFRAME.SAIZ; APM_GTS_SNORF; CSM_NET_DNS.INFRASTRUCTUR; APM_AFMO_SGSN.DOCUBASE.N90; APM_GTS.SEC.DSS_VARONIS.EMEA; APM_GTS_LUIGI.DWF.MIGRATION.FACTORY; CSM_ADMIN_IAS.LINUX_ALL; CSM_RBD_SEC.ACS.ID1_ALL; CSM_SYS_UNIX.SERVER; APM_GTS.SEC.STS_DATA4SEC; CSM_RBD_PAS.MDW.WAS_ALL; APM_IBFS_SGEF.PL.CD3.EGJ; APM_GCR_M1F; APM_GCR_SIB; APM_GTS.SEC.STS_MYFLOWS; APM_GTS.SEC.SCS_PKC.IAAS; APM_L3.GBTO.EUR_CG.X.ONE.CL.EUR.IAAS; APM_GBTO_BANCS.CASH.BCH.IAAS; APM_GTS.SEC.STS_DATA4SEC.MONITORING.IAAS; APM_GTS_CG.FRA.AUTOSYS.IAAS; CSM_BATCH_FRA.CONTROLM.BDDF.IAAS; APM_L3.SGRF.EUR_CG.SAFIR.CREDIT.RISK.IAAS; APM_GBTO_CHR.IDL.COCKPIT.IAAS; APM_L3.SGRF.EUR_CG.SGTALK.VOX.TEST,,APM_IBFS_SGEF.PL.WEBCON.EGH; CSM_DEP_MASTER.UNIX.SATELLITE.CAPSULES; APM_GCR_SIB; APM_GTS.SEC.DVF_AMER.LDO; CSM_SYS_VIRTUAL.MACHINE.SERVER.MEDIUM; CSM_BCK_VERITAS.NETBACKUP; MUT_GCR_MQ; APM_L3.NSAL3P.BSC.DMZ.DC2.RTFE_CG.RTFE.DC2; CSM_RBD_CYBERARK.ALERO.GTS; APM_GTS_LUIGI.DWF.MIGRATION.FACTORY; CSM_SYS_UNIX.SERVER; APM_GTS.SEC.STS_MYFLOWS; CSM_RBD_SEC.ACS.LDO_ALL; APM_GTS.SEC.DSS_VARONIS.ITIM; CSM_RBD_CYBERARK.STANDARD.UK.BUSU; CSM_RBD_PAS.MDW.CACHE_ALL; APM_GBTO_CHR.IDL.COCKPIT; APM_GTS_FRA.ADMIN.TERADATA; APM_GTS_MS.WINDOWS.INFRASTRUCTURE; CSM_RBD_PAS.BDT_ALL; APM_IBFS_SGEF.PL.CD3.EGJ; APM_L3.GBTO.EUR_CG.X.ONE.CL.EUR.IAAS; APM_L3.SGRF.EUR_CG.SGTALK.DIG; APM_GTS_DWS.WKS.FR; APM_GTS_CG.FRA.AUTOSYS; APM_GTS_DWS.FR; APM_AFMO_SGSN.KCP.N91; APM_GTS.SEC.SCS_PKC.IAAS; APM_RCR_APM.MUT; APM_GCR_OIB; APM_GBTO_BANCS.CASH.BCH; CSM_RBD_SEC.ACS.DSI.DMZ; APM_AFMO_SGSN.DOCUBASE.N90; APM_GTS.SEC.DSS_VARONIS.EMEA; CSM_RBD_SEC.ACS.IRU_ALL; CSM_SYS-WUM-WW.UNIX.MASTER; CSM_NET_DNS.INFRASTRUCTUR; APM_GTS.SEC.STS_DATA4SEC; CSM_BCK_FRA.NETWORKER.2; APM_GCR_PTF; CSM_SYS-NTS_1326_DEV-WINDOWS.CORE.INFRA; APM_L3.SGRF.EUR_CG.SGTALK.VOX; APM_GCR_M1F; CSM_ADMIN_IAS.WINDOWS_ALL; APM_GTS.SEC.SCS_HASHICORP.CP.MYVAULT; CSM_BCK_FRA.TSM.RBDF; APM_GTS.SEC.SCS.EUR_KMP; CSM_RBD_SEC.ACS.OFP_ALL; CSM_RBD_SEC.SCS_ALL; APM_L3.GTS.EUR_ILLUMIO.SM.L3; CSM_RBD_PAS.DRE_ALL; CSM_RBD_SEC.ACS.LDD_ALL; APM_GTS_AIX.INFRA.SERVER.IAS.SYS; APM_GBTO_BANCS.CASH.BCH.IAAS; CSM_BATCH_FRA.CONTROLM.BDDF.IAAS; APM_AFMO_SGSN.BANQUEPRIVEE.N86; CSM_SEC_SEPM.GSC; APM_L3.GBTO.EUR_CG.X.ONE.CL.EUR; APM_GTS_CYBERARK.YOGA.MAINFRAME; APM_L3.SGRF.EUR_CG.SAFIR.CREDIT.RISK; MUT_GCR_ORACLE; APM_GTS.SEC.STS_DATA4SEC.MONITORING.IAAS; APM_GTS_CG.FRA.AUTOSYS.IAAS; APM_L3.SGRF.EUR_CG.SAFIR.CREDIT.RISK.IAAS; CSM_RBD_PAS.ADB_ALL; APM_AFMO_SGSN.IMAGES.CHEQUES.N92; CSM_AUTH_AMER.IDM.PLT; CSM_BATCH_FRA.CONTROLM.BDDF; CSM_DEP_FRA.SCCM.CORP; APM_IBFS_SGEF.PL.EGERIA.EGI; CSM_RBD_SEC.ACS.OUD_ALL; APM_GTS_SNORF; CSM_RBD_SEC.ACS.ID1_ALL; CSM_MON_MS.WIN.CORE.INFRA.MARACIAAS; CSM_RBD_CYBERARK.MVS.ADMIN; APM_L3.SGRF.EUR_CG.SGTALK.SGT; APM_GTS_FRA.GWIM.GLOBAL.WINDOWS.MASTER; APM_L3.SGRF.EUR_CG.SGTALK.MNR; APM_GCR_PFI; CSM_ADMIN_IAS.LINUX_ALL; APM_L3.SGRF.EUR_CG.SGTALK.VOX.TEST; APM_GTS_NAS.SERVERS; CSM_RBD_CYBERARK.MVS.BUSU; APM_L3.SWIFT.EUR_CG.SWIFT.INTIX; APM_L3.SGRF.EUR_FTAAS.L3.SGRF; CSM_RBD_PAS.MDW.CTN_ALL; APM_L3.NSAL3P.BSC.DMZ.SC2.RTFE_CG.RTFE.SC2; CSM_RBD_PAS.MDW.BO_ALL; CSM_RBD_PAS.MDW.MTS.MOM_ALL; CSM_RBD_CYBERARK.STANDARD.UK.GTS; CSM_RBD_PAS.MDW.WAS_ALL; APM_GBTO_CHR.IDL.COCKPIT.IAAS; CSU_GTS_PPAAS_ALL; APM_GTS.SEC.SCS_PKC; CSM_SYS_WW.PUPPET.AAS; APM_L3.GBTO.EUR_FTAAS.L3.GBTO; APM_GTS.SEC.DSS_VARONIS.CORP; MUT_SGSS_DLFR; CSM_RBD_PAS.MDW.MTS.MOM.MFT_ALL; CSM_SEC_SEPM.WW; CSM_MGT_FRA.ADMIN.INFRA.MAINFRAME.SAIZ,/orgs/1/sec_policy/draft/label_groups/5b2a33a4-708b-4e6d-82fc-89c33cfe79cf
KPI_SUB_ENTITY_RESG-TIS-LGA,app,Label group for GCOO/TIS entity,APM_GCR_M1F,,APM_GCR_M1F,/orgs/1/sec_policy/draft/label_groups/7e908881-1d21-46b0-9c54-8f729130d94b
KPI_PROGRAM_HARDENING.GTS.FR-LGA,app,Import Label group through workloader,CSM_RBD_CYBERARK.MVS.ADMIN; APM_GTS_CYBERARK.YOGA.MAINFRAME; APM_GTS_CG.CITRIX.ACCESS.CHAIN; CSM_BCK_FRA.NETWORKER.GSC; CS_SEC_ANTIVIR.SEPM_ALL; APM_GTS_CG.FRA.AUTOSYS; CSM_BATCH_FRA.CONTROLM.BDDF; CSM_BCK_FRA.NETWORKER; CSM_CTX_FRA.CTX.PUBLISHED.DESKTOP; CSM_DEP_FRA.SCCM.CORP; CSM_GTS_FRA.NDG.MASTERING.INFRA; CSM_NET_FRA.PEPSY.ROUGE.DHCP; CSM_SEC_SEPM.WW; CTX_GCR_COMMON_DESKTOP-AG; CSM_RBD_CYBERARK.MVS.BUSU; CSM_BATCH_FRA.CONTROLM.BDDF.IAAS; APM_GTS_CG.FRA.AUTOSYS.IAAS,,APM_GTS_CG.FRA.AUTOSYS.IAAS; CSM_BCK_FRA.NETWORKER; CSM_GTS_FRA.NDG.MASTERING.INFRA; CSM_SEC_SEPM.WW; CSM_RBD_CYBERARK.MVS.BUSU; CSM_DEP_FRA.SCCM.CORP; APM_GTS_CYBERARK.YOGA.MAINFRAME; APM_GTS_CG.CITRIX.ACCESS.CHAIN; CS_SEC_ANTIVIR.SEPM_ALL; CSM_CTX_FRA.CTX.PUBLISHED.DESKTOP; CTX_GCR_COMMON_DESKTOP-AG; CSM_BATCH_FRA.CONTROLM.BDDF.IAAS; CSM_RBD_CYBERARK.MVS.ADMIN; CSM_BCK_FRA.NETWORKER.GSC; APM_GTS_CG.FRA.AUTOSYS; CSM_NET_FRA.PEPSY.ROUGE.DHCP; CSM_BATCH_FRA.CONTROLM.BDDF,/orgs/1/sec_policy/draft/label_groups/bc18e127-f3f8-429f-91e9-2523f3c3c1b3
KPI_SUB_ENTITY_RETAIL-ITIM.JVM-LGA,app,For KPI calculation purpose. Label group that contain Application Labels part of ITIM.JVM Sub-entity,APM_L1.SGRF_MCF.L1; APM_L1.SGRF_CRISTAL.PFP.ELAPS; APM_L1.SGRF_ETECE; APM_L3.SGRF.EUR_CG.ALISE.AIGUILLEUR; APM_L3.SGRF.EUR_CG.NAUPLIE; APM_L3.SGRF.EUR_CG.CRISTAL.PFP.ELAPS; APM_L3.SGRF.EUR_CG.ETECE; APM_L3.SGRF.EUR_CG.MCF; APM_L3.SWIFT.EUR_CG.SWIFT.SAG; APM_L3.SWIFT.EUR_CG.SWIFT.SFAP; APM_L3.SWIFT.EUR_CG.SWIFT.STARS; APM_L3.SWIFT.EUR_CG.SWIFT.SWING; APM_L1.SWIFT_SWIFT.STARS.L1; APM_L1.SWIFT_SWIFT.SWING.L1; APM_L1.SWIFT_SFAP; APM_L1.SWIFT_SAG; APM_L3.SWIFT.EUR_CG.SWIFT.INTIX; APM_L3.SWIFT.EUR_CG.SWIFT.AGI; APM_L3.SWIFT.EUR_CG.SWIFT.AWP; APM_L3.SWIFT.EUR_CG.SWIFT.MIW; APM_L3.SWIFT.EUR_CG.SWIFT.SCS; APM_L3.SGRF.EUR_CG.ETECE.IAAS,,APM_L1.SGRF_ETECE; APM_L3.SWIFT.EUR_CG.SWIFT.SAG; APM_L1.SWIFT_SWIFT.STARS.L1; APM_L3.SWIFT.EUR_CG.SWIFT.SCS; APM_L3.SGRF.EUR_CG.NAUPLIE; APM_L3.SGRF.EUR_CG.MCF; APM_L3.SWIFT.EUR_CG.SWIFT.SFAP; APM_L3.SWIFT.EUR_CG.SWIFT.INTIX; APM_L3.SWIFT.EUR_CG.SWIFT.AWP; APM_L3.SGRF.EUR_CG.ETECE.IAAS; APM_L1.SGRF_CRISTAL.PFP.ELAPS; APM_L3.SGRF.EUR_CG.CRISTAL.PFP.ELAPS; APM_L3.SWIFT.EUR_CG.SWIFT.SWING; APM_L1.SWIFT_SFAP; APM_L3.SWIFT.EUR_CG.SWIFT.MIW; APM_L1.SGRF_MCF.L1; APM_L3.SGRF.EUR_CG.ALISE.AIGUILLEUR; APM_L3.SGRF.EUR_CG.ETECE; APM_L3.SWIFT.EUR_CG.SWIFT.STARS; APM_L1.SWIFT_SWIFT.SWING.L1; APM_L1.SWIFT_SAG; APM_L3.SWIFT.EUR_CG.SWIFT.AGI,/orgs/1/sec_policy/draft/label_groups/c133d59f-287d-4378-b9c9-94358491cfc9
L3.LENOVO.EUR-LGA,app,,APM_L3.LENOVO.EUR_CG.HIGHWAY.L3.LENOVO.EUR,,APM_L3.LENOVO.EUR_CG.HIGHWAY.L3.LENOVO.EUR,/orgs/1/sec_policy/draft/label_groups/0d90c5f3-f2ab-4529-9eb2-b02595bb5043
WORKLOADS_L3.SGRF.EUR-LGA,app,Label Group for Critical Group Applications part of SGRF PRD,APM_L3.SGRF.EUR_CG.CDM.DFIN,,APM_L3.SGRF.EUR_CG.CDM.DFIN,/orgs/1/sec_policy/draft/label_groups/172488f0-4286-40f8-98ee-c6167f8feae3
DB.POSTGRE-LGR,role,,DB.PCP; DB.POSTGRE.GEN1,,DB.PCP; DB.POSTGRE.GEN1,/orgs/1/sec_policy/draft/label_groups/1b913b9e-5f05-448f-ae88-4e2ec68f56f2
KPI_ENTITY_GBIS-LGA,app,For KPI calculation purpose. Label Group that contain sub-label groups of GBIS entity,,KPI_SUB_ENTITY_GBIS-GBSU.REG-LGA;KPI_SUB_ENTITY_GBIS-GBSU.MAR-LGA;KPI_SUB_ENTITY_GBIS-MARK-LGA;KPI_SUB_ENTITY_GBIS-GBSU.FIC-LGA;KPI_SUB_ENTITY_GBIS-GBSU.CIO-LGA;KPI_SUB_ENTITY_GBIS-GBSU.PRE-LGA;KPI_SUB_ENTITY_GBIS-GBSU.EQD-LGA;KPI_SUB_ENTITY_GBIS-GBSU.CLD-LGA;KPI_SUB_ENTITY_GBIS-SGSS-LGA;KPI_SUB_ENTITY_GBIS-GBSU.FTB-LGA,APM_L3.GBTO.EUR_CG.EOLE.ALISE.GATE; APM_L3.GBTO.EUR_CG.SORA.IAAS; APM_L3.GBTO.AMER_CG.MONTRAN; APM_L1.GBTO_HIGHWAY; APM_L3.GBTO.EUR_AIRFLOW.CG.X.ONE.EUR; APM_L3.GBTO.EUR_CG.E.FUND.ORDER; APM_L3.GBTO.ASIA_CG.X.ONE.ASIA; APM_L3.GBTO.EUR_CG.MUREX.IAAS; APM_L3.GBTO.EUR_CG.BDR.IAAS; APM_GCR_PFI; APM_L1.GBTO_REPLAY; APM_L3.GBTO.AMER_CG.X.ONE.AMER; APM_L3.GBTO.ASIA_CG.ELIOT.ASIA; APM_L3.GBTO.EUR_CG.LOAN.IQ.IAAS; APM_L3.GBTO.EUR_CG.CBR.IAAS; APM_L3.GBTO.EUR_CG.ELIOT.EUR.IAAS; APM_GBTO_BANCS.CASH.BCH; MUT_GCR_ORACLE; APM_L1.GBTO_GL.APF.L1; APM_L3.GBTO_CASH.EUROPE; APM_L3.GBTO.EUR_CG.REPLAY; APM_L3.GBTO.EUR_CG.X.ONE.EUR; APM_GBTO_CHR.IDL.COCKPIT.IAAS; APM_GBTO_CHR.NCI.IAAS; APM_L3.GBTO.EUR_AIRFLOW.CG.X.ONE.EUR.IAAS; APM_L3.GBTO.EUR_CG.E.SETTLEMENT.IAAS; APM_L3.GBTO.EUR_CG.GSP.T2S; APM_GBTO_ISI; APM_L3.GBTO.EUR_CG.GL.APF; APM_L3.GBTO.EUR_CG.X.ONE.CL.EUR.IAAS; APM_GBTO_BANCS.CASH.BCH.IAAS; APM_GCR_E.CASH; APM_L3.HP.EUR_CG.HIGHWAY.L3.HP; APM_GBTO_CHR.IDL.COCKPIT; APM_GBTO_CHR.NCI; APM_L3.GBTO.EUR_CG.BACARDI; APM_L3.GBTO.EUR_CG.ELIOT.EUR; APM_GCR_SIB; MUT_SGSS_DLFR; APM_L3.GBTO.EUR_CG.GL.APF.IAAS; APM_L3.GBTO.EUR_CG.X.ONE.CL.EUR; APM_L3.GBTO.EUR_CG.MAESTRO.IAAS; APM_L1.GBTO_BACARDI; APM_L3.GBTO.EUR_CG.E.FUND.ORDER.IAAS; APM_L3.GBTO.EUR_CG.GSP.T2S.IAAS; APM_L1.GBTO_EOLE.ALISE.GATE.L1; APM_GBTO_CG.NG.OIB; APM_L3.SGRF.EUR_CG.CASH.EUROPE; APM_L1.GBTO_MONTRAN; APM_L3.GBTO.EUR_CG.MAESTRO; APM_L3.GBTO.EUR_CG.BACARDI.IAAS; APM_L1.GBTO_BDR; APM_GCR_OIB; APM_L3.GBTO.EUR_CG.LOAN.IQ; APM_L3.GBTO.EUR_CG.X.ONE.EUR.IAAS; APM_L3.LENOVO.EUR_CG.HIGHWAY.L3.LENOVO.EUR; APM_L1.GBTO_X.ONE.L1; APM_L3.GBTO.EUR_CG.MUREX; APM_GCR_BCA; APM_L3.GBTO.EUR_CG.E.SETTLEMENT; APM_L1.GBTO_LOAN.IQ; APM_L3.SABA.GBTO_CG.SABA.GL.APF; APM_L3.GBTO.EUR_CG.HIGHWAY.L3.GBTO.EUR; APM_GCR_SRG.BIR; APM_GCR_CLS.CONTROL.BRANCH; APM_L3.GBTO.EUR_CG.EOLE.ALISE.GATE.IAAS; APM_L1.GBTO_ELIOT.L1; APM_L3.GBTO.AMER_CG.ELIOT.AMER; APM_L3.SGRF.EUR_CG.CASH.EUROPE.IAAS; APM_L3.GBTO.EUR_CG.CBR; APM_L3.GBTO.EUR_CG.BDR; APM_GCR_PTF; APM_L3.GBTO.EUR_CG.SORA; APM_GCR_E.CASH.IAAS,/orgs/1/sec_policy/draft/label_groups/380286e2-bad2-47ff-a802-1d0d4233d9dd
KPI_PROGRAM_BCE.RECO.8.SEC.DVF-LGA,app,,APM_L3.EJBCA.EUR_CG.CMS; APM_L3.EJBCA.EUR_CG.EJBCA; APM_L3.EJBCA.EUR_CG.CRYPTO; APM_L3.NSAL3P.BSC.GTS_CG.VAULT.RP,,APM_L3.EJBCA.EUR_CG.CMS; APM_L3.EJBCA.EUR_CG.EJBCA; APM_L3.EJBCA.EUR_CG.CRYPTO; APM_L3.NSAL3P.BSC.GTS_CG.VAULT.RP,/orgs/1/sec_policy/draft/label_groups/f412ba44-9875-4c40-91fb-2d5f00d425c1
KPI_SUB_ENTITY_RESG-CFT-LGA,app,For KPI calculation purpose. Label group that contain Application Labels part of CFT Sub-entity,APM_L3.SGRF_COLOSS; APM_L1.SGRF_CDM.DFIN; APM_RCR_TDP; APM_L3.SGRF_SAFIR.CREDIT.RISK; APM_L3.SGRF.EUR_CG.COLOSS.ECX; APM_L3.SGRF_COLOSS.COL; APM_L3.SGRF.EUR_CG.COLOSS.FBI; APM_L3.SGRF.EUR_CG.SAFIR.CREDIT.RISK; APM_L3.SGRF.EUR_CG.ERG.EVOLAN.ERG; APM_L3.SGRF.EUR_CG.CDM.DFIN; APM_L3.SGRF.EUR_CG.BASYLIQ.BYQ; APM_L3.SGRF.EUR_CG.BASYLIQ.BBC; APM_L3.SGRF_BASYLIQ.TCT; APM_L3.SGRF.EUR_CG.NOSICA; APM_L3.SGRF.EUR_CG.ERG.EVOLAN.ERL; APM_L3.SGRF.EUR_CG.COLOSS.COL; APM_L3.FIGARO.EUR_CG.FIGARO; APM_L3.FIGARO.EUR_CG.FIGARO.IRSA; APM_L1.SGRF_SAFIR.CREDIT.RISK.L1; APM_CFT_CHR.TALKS; APM_GBTO_CHR.RFI; APM_GBTO_CHR.N-TIER; APM_CFT_LS.MINT; APM_CFT_CHR.SCREENING.ALERTS.STA; APM_CFT_LS.OSAM; APM_CFT_CHR.STAR; APM_CFT_CHR.AIMS.GEN1; APM_L3.SGRF.EUR_CG.CFT.CFY; APM_L3.SGRF.EUR_CG.NRG; APM_GBTO_CHR.ROOM; APM_CFT_CHR.GIZEH; APM_GBTO_CHR.N-TIER.IAAS; APM_L3.SGRF.EUR_CG.ERG.EVOLAN.ERG.IAAS; APM_GBTO_CHR.ROOM.IAAS; APM_CFT_CHR.SCREENING.ALERTS.STA.IAAS; APM_L3.SGRF.EUR_CG.COLOSS.COL.IAAS; APM_L3.SGRF.EUR_CG.SAFIR.CREDIT.RISK.IAAS; APM_L3.SGRF.EUR_CG.NOSICA.IAAS; APM_CFT_CHR.TALKS.IAAS; APM_CFT_LS.OSAM.IAAS; APM_L3.SGRF.EUR_CG.COLOSS.ECX.IAAS; APM_L3.SGRF.EUR_CG.BASYLIQ.BBC.IAAS; APM_CFT_LS.MINT.IAAS; APM_CFT_CHR.EXP,,APM_CFT_CHR.EXP; APM_L3.SGRF_COLOSS.COL; APM_L3.SGRF.EUR_CG.ERG.EVOLAN.ERG; APM_GBTO_CHR.N-TIER; APM_GBTO_CHR.ROOM; APM_L3.SGRF.EUR_CG.COLOSS.COL.IAAS; APM_L3.SGRF.EUR_CG.COLOSS.ECX.IAAS; APM_L3.SGRF.EUR_CG.BASYLIQ.BYQ; APM_CFT_LS.MINT; APM_CFT_CHR.SCREENING.ALERTS.STA; APM_CFT_CHR.STAR; APM_L3.SGRF.EUR_CG.ERG.EVOLAN.ERG.IAAS; APM_L3.SGRF_COLOSS; APM_L3.SGRF.EUR_CG.COLOSS.COL; APM_L3.FIGARO.EUR_CG.FIGARO.IRSA; APM_L1.SGRF_SAFIR.CREDIT.RISK.L1; APM_CFT_LS.OSAM; APM_L3.SGRF.EUR_CG.CFT.CFY; APM_GBTO_CHR.ROOM.IAAS; APM_CFT_CHR.SCREENING.ALERTS.STA.IAAS; APM_L3.SGRF.EUR_CG.BASYLIQ.BBC.IAAS; APM_L3.SGRF.EUR_CG.COLOSS.ECX; APM_L3.SGRF.EUR_CG.CDM.DFIN; APM_L3.SGRF_BASYLIQ.TCT; APM_L3.SGRF.EUR_CG.NOSICA; APM_GBTO_CHR.RFI; APM_CFT_CHR.AIMS.GEN1; APM_RCR_TDP; APM_L3.SGRF_SAFIR.CREDIT.RISK; APM_L3.SGRF.EUR_CG.SAFIR.CREDIT.RISK; APM_L3.SGRF.EUR_CG.ERG.EVOLAN.ERL; APM_L3.SGRF.EUR_CG.NOSICA.IAAS; APM_CFT_LS.OSAM.IAAS; APM_L3.SGRF.EUR_CG.COLOSS.FBI; APM_L3.SGRF.EUR_CG.BASYLIQ.BBC; APM_CFT_CHR.TALKS; APM_L3.SGRF.EUR_CG.NRG; APM_GBTO_CHR.N-TIER.IAAS; APM_L3.SGRF.EUR_CG.SAFIR.CREDIT.RISK.IAAS; APM_CFT_LS.MINT.IAAS; APM_L1.SGRF_CDM.DFIN; APM_L3.FIGARO.EUR_CG.FIGARO; APM_CFT_CHR.GIZEH; APM_CFT_CHR.TALKS.IAAS,/orgs/1/sec_policy/draft/label_groups/fef9638c-baba-4f04-a194-f2fc8038b7f8
L3.FIGARO.EUR-LGA,app,Label Group for Applications part of L3.FIGARO.EUR Zone,APM_L3.FIGARO.EUR_CG.FIGARO; APM_L3.FIGARO.EUR_CG.FIGARO.IRSA,,APM_L3.FIGARO.EUR_CG.FIGARO; APM_L3.FIGARO.EUR_CG.FIGARO.IRSA,/orgs/1/sec_policy/draft/label_groups/156754b4-3607-4f68-8d7d-01fa856b1a2f
L3.FIGARO.EUR.UAT-LGE,env,,HOM1; UAT; DEV,,HOM1; UAT; DEV,/orgs/1/sec_policy/draft/label_groups/a492af94-3bd9-4a0f-9414-cf0f61cf515a
KPI_ALL_DECOM_MANAGED.APP-LGA,app,Label Group for all decomissoned managed application labels,,,,/orgs/1/sec_policy/draft/label_groups/41e63a24-19ca-401a-be43-6d4250dabfa2
WORKLOADS_L3.GBTO.AMER-LGA,app,Label Group for Critical Group Applications part of GBTO.AMER Entity,,,,/orgs/1/sec_policy/draft/label_groups/50691ba1-2b7d-4640-8aee-5c2cddeb0be7
KPI_STRATEGY_INTRAZONE-LGA,app,"KPI Label Group for strategy that consist of restricting flows between applications inside the same network zone (EAST/WEST flow managed by illumio, North/South flow managed by physical firewall)",APM_L3.SANA.NSAL3P.BSC.DMZ.RTFE.API_SANA.RTFE.API; APM_CFT_CHR.AIMS.GEN1; APM_L3.SWIFT.AMER_CG.SWIFT.ALLIANCE.US; APM_L3.SABA.GTS.REBOUND_SABA.PAS.MDW.CAST.AK799; APM_L3.SGRF.EUR_CG.CFT.CFY; CSM_L3.SABA.IAS_SABA.IAS.CTS.HPS.AK754; APM_L3.SABA.IAS_SABA.IAS.CTS.HPS.GRID.D0339; APM_L3.SABA.IAS_SABA.IAS.CTS.OCS.A7961; APM_L3.SABA.IAS.ASIA_SABA.IAS.ASIA.SBS.A7796; CSM_L3.SABA.DWS_SABA.DWS.CWS.AK678; APM_L3.SABA.DWS_SABA.DWS.UCS.AK679; APM_L3.SABA.GTS.REBOUND_SABA.OPM.OPT.AK674; APM_L3.SABA.GTS.REBOUND_SABA.RCR.DBA.A7295; APM_L3.SABA.GTS.REBOUND_SABA.RCR.PFM.A7295; APM_L3.SABA.GTS.REBOUND_SABA.RCR.TRS.A7295; APM_L3.SABA.GTS.REBOUND_SABA.RCR.ZTT.A7295; APM_L3.SABA.GTS.REBOUND_SABA.PAS.BDT.A7131; CSM_L3.SABA.GTS.REBOUND_SABA.PAS.DRE.DST.AK711; CSM_L3.SABA.GTS.REBOUND_SABA.PAS.DRE.DST.AK707; CSM_L3.SABA.GTS.REBOUND_SABA.PAS.DRE.GREEN.AK703; CSM_L3.SABA.GTS.REBOUND_SABA.PAS.DRE.GREEN.AK704; CSM_L3.SABA.GTS.REBOUND_SABA.PAS.DRE.GREEN.AK705; APM_L3.SABA.GTS.REBOUND_SABA.PAS.MDW.CTN.AK684; CSM_L3.SABA.GTS.REBOUND_SABA.PAS.MDW.MOM.AK687; CSM_L3.SABA.GTS.REBOUND_SABA.PAS.DRE.RED.AK701; APM_L3.SABA.GTS.REBOUND_SABA.PAS.DVF.AIRFLOW.AK706; APM_L3.SABA.GTS_SABA.PAS.DVF.HP.AK710; APM_L3.SABA.GTS.REBOUND_SABA.PAS.MDW.BO.AK689; APM_L3.SABA.GTS.REBOUND_SABA.PAS.MDW.CACHE.AK685; APM_L3.SABA.GTS.REBOUND_SABA.PAS.MDW.ETL.AK688; APM_L3.SABA.GTS.REBOUND_SABA.PAS.MDW.MTS.MFT.AK686; APM_L3.SABA.GTS.REBOUND_SABA.GCR.MDT.MMI.AK725; APM_L3.SABA.IAS_SABA.IAS.SYS.AK634; APM_L3.SABA.GTS.REBOUND_SABA.CFT.IREVENUE; APM_L3.SGRF_COLOSS; APM_L3.SGRF.EUR_CG.NAUPLIE; APM_L3.SGRF.EUR_CG.ALISE.AIGUILLEUR; APM_L3.GBTO.EUR_CG.MUREX; APM_L3.SGRF_SATIS; APM_L3.GBTO.EUR_CG.MAESTRO; APM_L3.GBTO.EUR_CG.BACARDI; APM_L3.GBTO.EUR_CG.BDR; APM_L3.GBTO.EUR_CASH.EUROPE; APM_L3.GBTO.EUR_CG.ELIOT.EUR; APM_L3.GBTO.EUR_CG.EOLE.ALISE.GATE; APM_L3.GBTO.EUR_CG.GL.APF; APM_L3.GBTO.EUR_CG.HIGHWAY.L3.GBTO.EUR; APM_L3.GBTO.EUR_CG.LOAN.IQ; APM_L3.GBTO.EUR_CG.REPLAY; APM_L3.GBTO.EUR_CG.X.ONE.EUR; APM_L3.SGRF.EUR_CG.BASYLIQ.BYQ; APM_L3.SGRF.EUR_CG.CDM.DFIN; APM_L3.SGRF.EUR_CG.COLOSS.ECX; APM_L3.SGRF.EUR_CG.COLOSS.FBI; APM_L3.SGRF.EUR_CG.CRISTAL.PFP.ELAPS; APM_L3.SGRF.EUR_CG.ERG.EVOLAN.ERG; APM_L3.SGRF.EUR_CG.ETECE; APM_L3.SGRF.EUR_CG.GED.ACA; APM_L3.SGRF.EUR_CG.GED.ACV; APM_L3.SGRF.EUR_CG.GED.GBA; APM_L3.SGRF.EUR_CG.GED.GBQ; APM_L3.SGRF.EUR_CG.GED.GBX; APM_L3.SGRF.EUR_CG.GED.IGB; APM_L3.SGRF.EUR_CG.GRC; APM_L3.SGRF.EUR_CG.MCF; APM_L3.SGRF.EUR_CG.VIREMENTS.UNIFIES; APM_L3.SWIFT.EUR_CG.SWIFT.SAG; APM_L3.SWIFT.EUR_CG.SWIFT.SFAP; APM_L3.GTS.EUR_CG.VAULT.RP.GTS; APM_L3.EJBCA.EUR_CG.CRYPTO; APM_L3.EJBCA.EUR_CG.EJBCA; APM_L3.SWIFT.EUR_CG.SWIFT.STARS; APM_L3.SGRF.EUR_FTAAS.L3.SGRF; APM_L3.SWIFT.EUR_CG.SWIFT.SWING; APM_L3.EJBCA.EUR_CG.CMS; APM_L3.GBTO.AMER_CG.ELIOT.AMER; APM_L3.GBTO.ASIA_CG.ELIOT.ASIA; APM_L3.GBTO.EUR_CG.SATIS.L3.GBTO; APM_L3.SGRF.EUR_CG.SATIS.L3.SGRF; APM_L3.GBTO_SATIS; APM_L3.GBTO.AMER_CG.MONTRAN; APM_L3.SGRF.EUR_CG.BASYLIQ.BBC; APM_L3.SGRF.EUR_CG.ERG.EVOLAN.ERL; APM_L3.GBTO.ASIA_CG.X.ONE.ASIA; APM_L3.SGRF.EUR_CG.SAFIR.CREDIT.RISK; APM_L3.GBTO.EUR_CG.SGCONNECT.L3; APM_GTS.SEC.SCS.EUR_KMP; APM_L3.SGRF.EUR_CG.COLOSS.COL; APM_L3.SGRF.EUR_CG.NOSICA; APM_L3.GBTO.EUR_CG.E.SETTLEMENT; APM_L3.FIGARO.EUR_CG.FIGARO; APM_L3.GBTO.AMER_CG.X.ONE.AMER; APM_L3.GBTO.EUR_CG.E.FUND.ORDER; APM_L3.GBTO.EUR_CG.CBR; APM_L3.GBTO.EUR_CG.GSP.T2S; APM_L3.GBTO.EUR_CG.SORA; APM_L3.HP.EUR_CG.HIGHWAY.L3.HP; APM_L3.LENOVO.EUR_CG.HIGHWAY.L3.LENOVO.EUR; APM_L3.SGRF.EUR_CG.CASH.EUROPE; APM_L3.SGRF.EUR_CG.SGTALK.DIG; APM_L3.SGRF.EUR_CG.SGTALK.MNR; APM_L3.SGRF.EUR_CG.SGTALK.SGT; APM_L3.SGRF.EUR_CG.SGTALK.VOX; APM_L3.FIGARO.EUR_CG.FIGARO.IRSA; APM_L3.GBTO.EUR_FTAAS.L3.GBTO; CSU_GTS_PPAAS_ALL; CSM_BCK_FRA.NETWORKER.2; CSM_BCK_VERITAS.NETBACKUP; CSM_MGT_FRA.ADMIN.INFRA.MAINFRAME.SAIZ; CSM_RBD_PAS.MDW.MTS.MOM_ALL; CSM_RBD_PAS.BDT_ALL; CSM_RBD_PAS.DVF_ALL; CSM_RBD_PAS.DRE_ALL; CSM_RBD_PAS.MDW.MTS.MOM.MFT_ALL; CSM_RBD_PAS.ADB_ALL; APM_GTS_FRA.ADMIN.TERADATA; CSM_RBD_PAS.XTE-FTR_ALL; CSM_RBD_PAS.MDW.BO_ALL; CSM_RBD_PAS.MDW.CACHE_ALL; CSM_RBD_PAS.MDW.CTN_ALL; CSM_RBD_PAS.MDW.WAS_ALL; CSM_RBD_SEC.ACS.LDD_ALL; CSM_RBD_SEC.ACS.OFP_ALL; CSM_RBD_SEC.ACS.OUD_ALL; APM_GTS.SEC.DVF_AMER.LDO; CSM_RBD_SEC.ACS.LDO_ALL; CSM_RBD_SEC.ACS.IRU_ALL; CSM_RBD_SEC.ACS.IHS_ALL; CSM_RBD_SEC.ACS.ID1_ALL; CSM_RBD_SEC.ACS.ID2_ALL; CSM_RBD_SEC.ACS.DSI.DMZ; APM_GTS_NAS.SERVERS; CSM_STO-NAS_1332_DEV-NAS.SERVERS; APM_GTS_AIX.INFRA.SERVER.IAS.SYS; APM_GTS_FRA.GWIM.GLOBAL.WINDOWS.MASTER; CSM_SYS-NTS_1326_DEV-WINDOWS.CORE.INFRA; CSM_SYS-UNX_396246_PRD-UNIX.CORE.INFRA; CSM_SYS_VIRTUAL.MACHINE.SERVER.MEDIUM; APM_GTS_SNORF; CSM_DEP_MASTER.UNIX.SATELLITE.CAPSULES; CSM_MON_MS.WIN.CORE.INFRA.MARACIAAS; CSM_NET_DNS.INFRASTRUCTUR; APM_L3.SGRF.EUR_CG.GED.GCG; CSM_AUTH_AMER.IDM.PLT; CSM_AUTH_FRA.IDM.PLT; CSM_AUTH_ASIA.IDM.PLT; APM_L3.GTS.EUR_ILLUMIO.SM.L3; APM_L3.DTZONE.EUR.FRONT.MARCOUSSIS_CG.SGCONNECT.DTZONE.FRONT.MARCOUSSIS; APM_L3.DTZONE.EUR.BACK.PANTIN_CG.SGCONNECT.DTZONE.BACK.PANTIN; APM_L3.DTZONE.EUR.FRONT.PANTIN_CG.SGCONNECT.DTZONE.FRONT.PANTIN; APM_L3.DTZONE.EUR.BACK.MARCOUSSIS_CG.SGCONNECT.DTZONE.BACK.MARCOUSSIS; APM_L3.SGRF.EUR_CG.GED.GCB; APM_L3.SWIFT.EUR_CG.SWIFT.INTIX; APM_L3.SWIFT.EUR_CG.SWIFT.AGI; APM_L3.SWIFT.EUR_CG.SWIFT.AWP; APM_L3.SWIFT.EUR_CG.SWIFT.MIW; APM_L1.GBTO_CG.L1.BAD.BSS; APM_L1.GBTO_CG.L1.BAD.SST; APM_CFT_CHR.TALKS; APM_L3.SWIFT.EUR_CG.SWIFT.SCS; APM_L3.SABA.ADMIN.SCALITY_SABA.ADMIN.SCALITY.SBS.A7960; APM_L3.SABA.GBTO_CG.SABA.GL.APF; APM_L3.SABA.GTS.REBOUND_SABA.EMEA.POL.AK231; APM_L3.NSAL3P.BSC.GTS_CG.VAULT.RP; APM_L3.SGRF.EUR_CG.NRG; APM_L3.SABA.IAS.ASIA_SABA.IAS.ASIA.OCS.A7963; APM_L3.SABA.DWS_SABA.DWS.EVS.DOMFR00.AK676; APM_L3.SABA.GTS_SABA.EMEA.ITALY.SPA; APM_L3.SABA.IAS_SABA.IAS.SBS.AK500; APM_L3.SANA.DMZ.RTFE.TOOLING.AUTHENT.ISE_SANA.RTFE.TOOLING; APM_L3.SGRF.EUR_CG.SGTALK.VOX.TEST,,APM_L3.GBTO.EUR_CG.REPLAY; APM_L3.SGRF.EUR_CG.GRC; APM_L3.SGRF.EUR_CG.SGTALK.DIG; CSM_AUTH_FRA.IDM.PLT; APM_L3.SABA.GTS.REBOUND_SABA.EMEA.POL.AK231; CSM_L3.SABA.GTS.REBOUND_SABA.PAS.DRE.DST.AK711; APM_L3.SGRF.EUR_CG.NAUPLIE; APM_L3.GBTO.EUR_CG.EOLE.ALISE.GATE; APM_L3.SGRF.EUR_CG.GED.IGB; APM_GTS_FRA.ADMIN.TERADATA; APM_L3.SABA.IAS_SABA.IAS.CTS.OCS.A7961; CSM_L3.SABA.DWS_SABA.DWS.CWS.AK678; APM_L3.GBTO.EUR_CG.BDR; CSM_SYS-UNX_396246_PRD-UNIX.CORE.INFRA; APM_L3.SANA.DMZ.RTFE.TOOLING.AUTHENT.ISE_SANA.RTFE.TOOLING; APM_L3.SABA.GTS.REBOUND_SABA.PAS.BDT.A7131; CSM_RBD_PAS.ADB_ALL; APM_GTS_FRA.GWIM.GLOBAL.WINDOWS.MASTER; CSM_RBD_SEC.ACS.IHS_ALL; CSM_RBD_SEC.ACS.ID2_ALL; APM_L3.SABA.IAS.ASIA_SABA.IAS.ASIA.SBS.A7796; APM_L3.SGRF.EUR_CG.CDM.DFIN; APM_L3.FIGARO.EUR_CG.FIGARO.IRSA; APM_L3.SABA.IAS_SABA.IAS.CTS.HPS.GRID.D0339; APM_L3.SGRF.EUR_CG.ERG.EVOLAN.ERL; APM_L3.GBTO.EUR_CG.SGCONNECT.L3; APM_GTS.SEC.SCS.EUR_KMP; APM_L3.GBTO.EUR_CG.CBR; APM_L3.SANA.NSAL3P.BSC.DMZ.RTFE.API_SANA.RTFE.API; APM_L3.SABA.GTS.REBOUND_SABA.PAS.MDW.CACHE.AK685; APM_L3.SGRF.EUR_CG.COLOSS.FBI; CSM_RBD_SEC.ACS.OUD_ALL; APM_L3.SABA.IAS.ASIA_SABA.IAS.ASIA.OCS.A7963; APM_L3.SABA.GTS_SABA.EMEA.ITALY.SPA; CSM_L3.SABA.GTS.REBOUND_SABA.PAS.DRE.GREEN.AK704; APM_L3.SWIFT.EUR_CG.SWIFT.SAG; CSM_RBD_SEC.ACS.OFP_ALL; APM_L3.SGRF.EUR_CG.NOSICA; APM_L3.GBTO.EUR_CG.E.SETTLEMENT; CSM_BCK_VERITAS.NETBACKUP; APM_GTS_NAS.SERVERS; APM_GTS_SNORF; APM_L3.SABA.GTS.REBOUND_SABA.OPM.OPT.AK674; CSM_L3.SABA.GTS.REBOUND_SABA.PAS.DRE.GREEN.AK705; APM_L3.SABA.GTS.REBOUND_SABA.PAS.MDW.MTS.MFT.AK686; APM_L3.SABA.DWS_SABA.DWS.EVS.DOMFR00.AK676; APM_L3.SGRF.EUR_CG.SGTALK.VOX.TEST; APM_L3.EJBCA.EUR_CG.CRYPTO; APM_L3.GBTO_SATIS; APM_L3.GBTO.EUR_CG.E.FUND.ORDER; CSM_L3.SABA.GTS.REBOUND_SABA.PAS.DRE.DST.AK707; APM_L3.SABA.IAS_SABA.IAS.SYS.AK634; APM_L3.SGRF.EUR_CG.VIREMENTS.UNIFIES; APM_L3.SGRF.EUR_CG.CASH.EUROPE; CSM_RBD_PAS.DVF_ALL; CSM_RBD_PAS.MDW.WAS_ALL; APM_L3.SABA.GTS.REBOUND_SABA.GCR.MDT.MMI.AK725; APM_L3.SWIFT.EUR_CG.SWIFT.SFAP; APM_L3.GBTO.AMER_CG.ELIOT.AMER; CSM_RBD_SEC.ACS.IRU_ALL; CSM_L3.SABA.GTS.REBOUND_SABA.PAS.DRE.GREEN.AK703; APM_L3.SGRF_SATIS; APM_L3.GBTO.EUR_CG.HIGHWAY.L3.GBTO.EUR; CSM_MON_MS.WIN.CORE.INFRA.MARACIAAS; APM_L3.SABA.IAS_SABA.IAS.SBS.AK500; APM_L3.SABA.GTS.REBOUND_SABA.PAS.MDW.ETL.AK688; APM_L3.SGRF.EUR_CG.ERG.EVOLAN.ERG; APM_L3.SGRF.EUR_CG.MCF; APM_L3.SWIFT.EUR_CG.SWIFT.INTIX; APM_L3.SWIFT.EUR_CG.SWIFT.AWP; APM_L3.SABA.GTS.REBOUND_SABA.RCR.TRS.A7295; APM_L3.SABA.GTS.REBOUND_SABA.PAS.DVF.AIRFLOW.AK706; APM_L3.GBTO.EUR_CG.LOAN.IQ; CSM_BCK_FRA.NETWORKER.2; CSM_RBD_PAS.MDW.MTS.MOM_ALL; CSM_RBD_PAS.BDT_ALL; CSM_RBD_PAS.DRE_ALL; APM_L3.DTZONE.EUR.BACK.MARCOUSSIS_CG.SGCONNECT.DTZONE.BACK.MARCOUSSIS; APM_L3.SABA.GTS.REBOUND_SABA.CFT.IREVENUE; APM_L3.SGRF.EUR_CG.GED.GBQ; APM_L3.EJBCA.EUR_CG.EJBCA; APM_L3.SWIFT.EUR_CG.SWIFT.MIW; APM_L3.SABA.DWS_SABA.DWS.UCS.AK679; APM_L3.GBTO.EUR_CASH.EUROPE; APM_L3.EJBCA.EUR_CG.CMS; APM_L3.SGRF.EUR_FTAAS.L3.SGRF; APM_L3.GBTO.ASIA_CG.ELIOT.ASIA; CSM_SYS-NTS_1326_DEV-WINDOWS.CORE.INFRA; APM_L3.SABA.GTS.REBOUND_SABA.PAS.MDW.CAST.AK799; CSM_L3.SABA.GTS.REBOUND_SABA.PAS.DRE.RED.AK701; APM_L3.SGRF.EUR_CG.GED.GBX; APM_L3.DTZONE.EUR.BACK.PANTIN_CG.SGCONNECT.DTZONE.BACK.PANTIN; APM_L3.DTZONE.EUR.FRONT.PANTIN_CG.SGCONNECT.DTZONE.FRONT.PANTIN; APM_L3.GTS.EUR_CG.VAULT.RP.GTS; APM_L3.SGRF.EUR_CG.BASYLIQ.BBC; APM_L3.LENOVO.EUR_CG.HIGHWAY.L3.LENOVO.EUR; CSM_RBD_PAS.MDW.CTN_ALL; APM_GTS.SEC.DVF_AMER.LDO; APM_L3.SWIFT.AMER_CG.SWIFT.ALLIANCE.US; APM_L3.SGRF.EUR_CG.SAFIR.CREDIT.RISK; APM_L3.HP.EUR_CG.HIGHWAY.L3.HP; APM_L3.GBTO.EUR_FTAAS.L3.GBTO; CSM_MGT_FRA.ADMIN.INFRA.MAINFRAME.SAIZ; APM_L3.SGRF.EUR_CG.GED.GCG; CSM_AUTH_ASIA.IDM.PLT; APM_L3.SABA.GTS.REBOUND_SABA.RCR.DBA.A7295; APM_L3.SABA.GTS_SABA.PAS.DVF.HP.AK710; APM_L3.GBTO.EUR_CG.GL.APF; APM_L3.SGRF.EUR_CG.SGTALK.VOX; CSM_SYS_VIRTUAL.MACHINE.SERVER.MEDIUM; APM_L3.SABA.GBTO_CG.SABA.GL.APF; APM_L3.SABA.GTS.REBOUND_SABA.RCR.ZTT.A7295; APM_L3.GBTO.EUR_CG.BACARDI; CSM_NET_DNS.INFRASTRUCTUR; APM_L3.GBTO.EUR_CG.SORA; APM_L1.GBTO_CG.L1.BAD.BSS; APM_L3.GBTO.EUR_CG.MAESTRO; APM_L3.SGRF.EUR_CG.BASYLIQ.BYQ; APM_L3.SGRF.EUR_CG.GED.ACV; APM_L3.SGRF.EUR_CG.SGTALK.SGT; CSM_RBD_PAS.MDW.BO_ALL; APM_L1.GBTO_CG.L1.BAD.SST; APM_L3.SABA.GTS.REBOUND_SABA.PAS.MDW.CTN.AK684; APM_L3.SWIFT.EUR_CG.SWIFT.SWING; APM_L3.SGRF.EUR_CG.SATIS.L3.SGRF; APM_L3.SGRF.EUR_CG.SGTALK.MNR; CSU_GTS_PPAAS_ALL; CSM_RBD_PAS.MDW.MTS.MOM.MFT_ALL; CSM_RBD_PAS.MDW.CACHE_ALL; APM_GTS_AIX.INFRA.SERVER.IAS.SYS; APM_L3.SABA.GTS.REBOUND_SABA.RCR.PFM.A7295; APM_L3.SABA.GTS.REBOUND_SABA.PAS.MDW.BO.AK689; APM_L3.SGRF.EUR_CG.GED.ACA; CSM_RBD_SEC.ACS.LDD_ALL; CSM_DEP_MASTER.UNIX.SATELLITE.CAPSULES; APM_L3.GTS.EUR_ILLUMIO.SM.L3; APM_L3.DTZONE.EUR.FRONT.MARCOUSSIS_CG.SGCONNECT.DTZONE.FRONT.MARCOUSSIS; APM_L3.GBTO.EUR_CG.MUREX; APM_L3.GBTO.EUR_CG.X.ONE.EUR; CSM_RBD_PAS.XTE-FTR_ALL; APM_L3.SGRF.EUR_CG.ALISE.AIGUILLEUR; APM_L3.SGRF.EUR_CG.ETECE; APM_L3.FIGARO.EUR_CG.FIGARO; APM_L3.SGRF.EUR_CG.CRISTAL.PFP.ELAPS; APM_L3.GBTO.EUR_CG.GSP.T2S; APM_CFT_CHR.TALKS; CSM_RBD_SEC.ACS.ID1_ALL; CSM_L3.SABA.GTS.REBOUND_SABA.PAS.MDW.MOM.AK687; APM_L3.GBTO.EUR_CG.ELIOT.EUR; APM_L3.GBTO.AMER_CG.MONTRAN; CSM_AUTH_AMER.IDM.PLT; APM_L3.SGRF.EUR_CG.GED.GCB; APM_L3.SGRF.EUR_CG.CFT.CFY; APM_L3.SGRF.EUR_CG.GED.GBA; CSM_RBD_SEC.ACS.DSI.DMZ; APM_L3.GBTO.AMER_CG.X.ONE.AMER; CSM_RBD_SEC.ACS.LDO_ALL; APM_CFT_CHR.AIMS.GEN1; APM_L3.GBTO.EUR_CG.SATIS.L3.GBTO; APM_L3.GBTO.ASIA_CG.X.ONE.ASIA; CSM_L3.SABA.IAS_SABA.IAS.CTS.HPS.AK754; APM_L3.SGRF.EUR_CG.COLOSS.COL; APM_L3.SWIFT.EUR_CG.SWIFT.SCS; CSM_STO-NAS_1332_DEV-NAS.SERVERS; APM_L3.SWIFT.EUR_CG.SWIFT.AGI; APM_L3.SABA.ADMIN.SCALITY_SABA.ADMIN.SCALITY.SBS.A7960; APM_L3.NSAL3P.BSC.GTS_CG.VAULT.RP; APM_L3.SGRF.EUR_CG.NRG; APM_L3.SGRF_COLOSS; APM_L3.SGRF.EUR_CG.COLOSS.ECX; APM_L3.SWIFT.EUR_CG.SWIFT.STARS,/orgs/1/sec_policy/draft/label_groups/e25663de-8a96-4f99-af9d-c6ff1b03f859
KPI_PROGRAM_WEBLO-LGA,app,Import Label group through workloader,APM_RCR_APM.MUT; APM_RCR_PUMA.BDDF; AP_RCR_ELO; APM_RCR_IFIMM.INFOCENTRE; APM_RCR_LOAN.COMPLIANCE; APM_RCR_SVX; AP_RCR_AMD; AP_RCR_DRP; APM_RCR_CIRCULARISATION.PM; APM_RCR_IFL; APM_RCR_IPI,,APM_RCR_IPI; APM_RCR_APM.MUT; AP_RCR_ELO; APM_RCR_IFIMM.INFOCENTRE; APM_RCR_SVX; AP_RCR_DRP; APM_RCR_IFL; APM_RCR_PUMA.BDDF; APM_RCR_LOAN.COMPLIANCE; AP_RCR_AMD; APM_RCR_CIRCULARISATION.PM,/orgs/1/sec_policy/draft/label_groups/418d1573-4fa8-42b3-9ac8-d262154003f0
L3.SGRF.EUR.UAT-LGE,env,,UAT; HML; HF; HT; HOF; KLI,,HT; HOF; KLI; UAT; HML; HF,/orgs/1/sec_policy/draft/label_groups/778cc0a4-b361-449a-83b2-7e654ba7e9c6
APM_GTS.SEC-LGA,app,App managed GTS.SEC,,,,/orgs/1/sec_policy/draft/label_groups/a194cb25-cf92-4b5d-b4ee-1b0762ff0570
AP_RCR-LGA,app,List of RCR applications => used in Global Ruleset for Core services,APM_L1.SGRF_VIREMENTS.UNIFIES; APM_L1.SGRF_GED.GBA; APM_L1.SGRF_GED.IGB; APM_L1.SGRF_GED.GBX; APM_L1.SGRF_GED.ACV.L1; APM_L1.SGRF_GED.ACA.L1; APM_L1.SGRF_SGTALK.SGT.L1; APM_L1.SGRF_SGTALK.VOX.L1; APM_L1.SGRF_SGTALK.MNR.L1; APM_L1.SGRF_SGTALK.DIG.L1; AP_RCR_AMD; AP_RCR_DRP; APM_RCR_IPI; APM_RCR_IFL; APM_RCR_CIRCULARISATION.PM; APM_RCR_TDP; APM_RCR_PUMA.BDDF; APM_RCR_SVX; AP_RCR_JDM; APM_L1.SGRF_CRISTAL.PFP.ELAPS; APM_RCR_IFIMM.INFOCENTRE; AP_RCR_ELO; APM_RCR_LOAN.COMPLIANCE; APM_L1.SGRF_MCF.L1; APM_L1.SGRF_ETECE; APM_RCR_APM.MUT; APM_L1.GBTO_REPLAY; APM_L1.SGRF_GED.GBQ; AP_RCR_GED.GCG,,APM_RCR_CIRCULARISATION.PM; APM_L1.SGRF_MCF.L1; APM_L1.SGRF_GED.IGB; APM_L1.SGRF_SGTALK.VOX.L1; APM_RCR_IPI; AP_RCR_GED.GCG; APM_RCR_IFIMM.INFOCENTRE; APM_RCR_LOAN.COMPLIANCE; APM_L1.SGRF_ETECE; APM_L1.GBTO_REPLAY; AP_RCR_AMD; APM_RCR_TDP; APM_RCR_PUMA.BDDF; APM_RCR_IFL; APM_RCR_APM.MUT; APM_L1.SGRF_GED.GBQ; APM_L1.SGRF_VIREMENTS.UNIFIES; APM_L1.SGRF_GED.GBA; APM_L1.SGRF_SGTALK.MNR.L1; APM_L1.SGRF_GED.GBX; AP_RCR_DRP; APM_L1.SGRF_CRISTAL.PFP.ELAPS; APM_L1.SGRF_SGTALK.DIG.L1; APM_RCR_SVX; AP_RCR_JDM; AP_RCR_ELO; APM_L1.SGRF_GED.ACV.L1; APM_L1.SGRF_GED.ACA.L1; APM_L1.SGRF_SGTALK.SGT.L1,/orgs/1/sec_policy/draft/label_groups/3ad66f1e-a147-4c3b-99f7-b0e04eb83597
KPI_SUB_ENTITY_GBIS-MARK-LGA,app,For KPI calculation purpose. Label group that contain Application Labels part of MARK Sub-entity,APM_L1.GBTO_HIGHWAY; APM_L3.GBTO.EUR_CG.HIGHWAY.L3.GBTO.EUR; APM_L3.LENOVO.EUR_CG.HIGHWAY.L3.LENOVO.EUR; APM_L3.HP.EUR_CG.HIGHWAY.L3.HP,,APM_L1.GBTO_HIGHWAY; APM_L3.GBTO.EUR_CG.HIGHWAY.L3.GBTO.EUR; APM_L3.LENOVO.EUR_CG.HIGHWAY.L3.LENOVO.EUR; APM_L3.HP.EUR_CG.HIGHWAY.L3.HP,/orgs/1/sec_policy/draft/label_groups/b8ebcea5-1d78-43a4-89c6-25b2092dbd76
KPI_SUB_ENTITY_RETAIL-ITIM.DSR-LGA,app,For KPI calculation purpose. Label group that contain Application Labels part of ITIM.DSR Sub-entity,AP_RCR_AMD; AP_RCR_DRP; APM_RCR_APM.MUT,,APM_RCR_APM.MUT; AP_RCR_AMD; AP_RCR_DRP,/orgs/1/sec_policy/draft/label_groups/efc7b6c9-7fc0-4239-bca4-619535006b04
KPI_PROGRAM_BCE.RECO.13-LGA,app,,CSM_RBD_OPM.MOS_ALL; CSM_RBD_SEC.ACS.ID2_ALL; CSM_RBD_SEC.ACS.ID1_ALL; CSM_RBD_SEC.ACS.OFP_ALL; CSM_RBD_PAS.DVF_ALL; CSM_STO-NAS_1332_DEV-NAS.SERVERS; CSM_SYS-UNX_396246_PRD-UNIX.CORE.INFRA; CSM_RBD_PAS.MDW.MTS.MOM.MFT_ALL; APM_L3.SABA.GTS.REBOUND_SABA.PAS.MDW.ETL.AK688; CSM_L3.SABA.GTS.REBOUND_SABA.PAS.MDW.MOM.AK687; CSM_SYS-WUM-WW.UNIX.MASTER; CSM_L3.SABA.IAS_SABA.IAS.CTS.HPS.AK754; APM_L3.SABA.IAS_SABA.IAS.CTS.HPS.GRID.D0339; CSM_L3.SABA.IAS_SABA.IAS.CTS.VPS.A7323; CSM_L3.SABA.DWS_SABA.DWS.CWS.AK678; APM_L3.SABA.DWS_SABA.DWS.UCS.AK679; APM_L3.SABA.GTS.REBOUND_SABA.RCR.CCI.A7295; APM_L3.SABA.GTS.REBOUND_SABA.RCR.DBA.A7295; APM_L3.SABA.GTS.REBOUND_SABA.RCR.PFM.A7295; APM_L3.SABA.GTS.REBOUND_SABA.RCR.TRS.A7295; APM_L3.SABA.GTS.REBOUND_SABA.RCR.ZTT.A7295; APM_L3.SABA.GTS.REBOUND_SABA.PAS.BDT.A7131; CSM_L3.SABA.GTS.REBOUND_SABA.PAS.DRE.DST.AK711; CSM_L3.SABA.GTS.REBOUND_SABA.PAS.DRE.DST.AK707; CSM_L3.SABA.GTS.REBOUND_SABA.PAS.DRE.GREEN.AK703; CSM_RBD_SEC.ACS.IHS_ALL; CSM_L3.SABA.GTS.REBOUND_SABA.PAS.DRE.GREEN.AK704; CSM_L3.SABA.GTS.REBOUND_SABA.PAS.DRE.GREEN.AK705; CSM_L3.SABA.GTS.REBOUND_SABA.PAS.DRE.RED.AK701; APM_L3.SABA.GTS.REBOUND_SABA.PAS.DVF.AIRFLOW.AK706; APM_L3.SABA.GTS_SABA.PAS.DVF.HP.AK710; APM_L3.SABA.GTS.REBOUND_SABA.PAS.MDW.CACHE.AK685; APM_L3.SABA.GTS.REBOUND_SABA.PAS.MDW.CTN.AK684; CSM_RBD_PAS.XTE-FTR_ALL; APM_L3.SABA.GTS.REBOUND_SABA.PAS.MDW.MTS.MFT.AK686; APM_L3.SABA.GTS.REBOUND_SABA.GCR.MDT.MMI.AK725; APM_L3.SABA.GTS.REBOUND_SABA.PAS.MDW.BO.AK689; APM_L3.SABA.IAS_SABA.IAS.CTS.OCS.A7961; APM_L3.SABA.GTS.REBOUND_SABA.PAS.MDW.CAST.AK799; APM_L3.SABA.GTS.REBOUND_SABA.OPM.OPT.AK674; APM_L3.SABA.GTS_SABA.GTS.SEC.ACS.IRU; APM_L3.SABA.GTS.REBOUND_SABA.CFT.IREVENUE; APM_L3.SABA.DWS_SABA.DWS.EVS.CORP.AK675; APM_L3.SABA.ADMIN.SCALITY_SABA.ADMIN.SCALITY.SBS.A7960; APM_L3.SABA.GTS.REBOUND_SABA.EMEA.POL.AK231; APM_L3.SABA.IAS.ASIA_SABA.IAS.ASIA.OCS.A7963; CSM_L3.SABA.IAS_SABA.IAS.CTS.VCS.D0762; CSM_L3.SABA.IAS_SABA.IAS.SYS.A7733; APM_L3.SABA.DWS_SABA.DWS.EVS.DOMFR00.AK676; APM_L3.SABA.GTS_SABA.EMEA.ITALY.SPA; APM_GTS_OBJECT.STORAGE.RP.LOW.AMER; APM_L3.SABA.GTS_SABA.PLT.DVT.AK677; APM_L3.SABA.IAS_SABA.IAS.SYS.AK634; APM_L3.SABA.IAS.ASIA_SABA.IAS.ASIA.SBS.A7796; APM_L3.NSAL3P.GTS.DATA.EXTERNAL_KMP; APM_L3.SABA.IAS.ASIA_SABA.IAS.ASIA.SBS.A7797; APM_L3.SABA.IAS.ASIA_SABA.IAS.ASIA.SBS.A7733; APM_L3.SABA.IAS_SABA.IAS.SBS.AK500; CSM_L3.SABA.IAS.ASIA_SABA.IAS.ASIA.SYS.MTV; APM_L3.SABA.GBTO_CG.SABA.GBTO.REPLAY; APM_L3.SABA.IAS.ASIA_SABA.IAS.ASIA.NAS.AK837; CSM_L3.SABA.ASIA.CYBERARK.PREMIUM_CYBERARK.SABA.ASIA.BUSU; CSM_L3.SABA.ASIA.CYBERARK.PREMIUM_CYBERARK.SABA.ASIA.GTS; CSM_L3.SABA.ASIA.CYBERARK.STANDARD_CYBERARK.SABA.ASIA.BUSU; CSM_L3.SABA.ASIA.CYBERARK.STANDARD_CYBERARK.SABA.ASIA.GTS; APM_L3.SABA.GBTO_CG.SABA.GBTO.REPLAY.IAAS,,CSM_RBD_SEC.ACS.ID1_ALL; CSM_RBD_SEC.ACS.OFP_ALL; APM_L3.SABA.ADMIN.SCALITY_SABA.ADMIN.SCALITY.SBS.A7960; APM_L3.SABA.IAS.ASIA_SABA.IAS.ASIA.SBS.A7797; CSM_L3.SABA.GTS.REBOUND_SABA.PAS.MDW.MOM.AK687; CSM_L3.SABA.IAS_SABA.IAS.CTS.HPS.AK754; CSM_L3.SABA.GTS.REBOUND_SABA.PAS.DRE.GREEN.AK703; APM_L3.SABA.GTS.REBOUND_SABA.PAS.MDW.MTS.MFT.AK686; APM_L3.SABA.GTS.REBOUND_SABA.GCR.MDT.MMI.AK725; APM_L3.SABA.GTS.REBOUND_SABA.PAS.MDW.BO.AK689; APM_L3.SABA.IAS_SABA.IAS.CTS.OCS.A7961; APM_L3.SABA.IAS_SABA.IAS.SBS.AK500; CSM_L3.SABA.ASIA.CYBERARK.PREMIUM_CYBERARK.SABA.ASIA.GTS; CSM_L3.SABA.IAS_SABA.IAS.CTS.VPS.A7323; APM_L3.SABA.GTS.REBOUND_SABA.RCR.DBA.A7295; APM_L3.SABA.GTS.REBOUND_SABA.PAS.DVF.AIRFLOW.AK706; APM_L3.SABA.IAS.ASIA_SABA.IAS.ASIA.SBS.A7733; CSM_SYS-UNX_396246_PRD-UNIX.CORE.INFRA; APM_L3.SABA.GTS.REBOUND_SABA.PAS.MDW.CTN.AK684; APM_L3.SABA.IAS.ASIA_SABA.IAS.ASIA.SBS.A7796; APM_L3.SABA.IAS_SABA.IAS.CTS.HPS.GRID.D0339; CSM_L3.SABA.DWS_SABA.DWS.CWS.AK678; APM_L3.SABA.DWS_SABA.DWS.UCS.AK679; APM_L3.SABA.GTS_SABA.GTS.SEC.ACS.IRU; CSM_L3.SABA.IAS_SABA.IAS.CTS.VCS.D0762; APM_GTS_OBJECT.STORAGE.RP.LOW.AMER; CSM_L3.SABA.ASIA.CYBERARK.PREMIUM_CYBERARK.SABA.ASIA.BUSU; CSM_STO-NAS_1332_DEV-NAS.SERVERS; CSM_L3.SABA.GTS.REBOUND_SABA.PAS.DRE.RED.AK701; CSM_L3.SABA.ASIA.CYBERARK.STANDARD_CYBERARK.SABA.ASIA.GTS; CSM_SYS-WUM-WW.UNIX.MASTER; APM_L3.SABA.DWS_SABA.DWS.EVS.DOMFR00.AK676; APM_L3.SABA.IAS_SABA.IAS.SYS.AK634; CSM_L3.SABA.GTS.REBOUND_SABA.PAS.DRE.DST.AK707; APM_L3.SABA.GTS.REBOUND_SABA.PAS.MDW.CAST.AK799; APM_L3.SABA.GTS.REBOUND_SABA.CFT.IREVENUE; APM_L3.SABA.IAS.ASIA_SABA.IAS.ASIA.NAS.AK837; CSM_RBD_PAS.DVF_ALL; APM_L3.SABA.GTS.REBOUND_SABA.PAS.MDW.CACHE.AK685; APM_L3.SABA.IAS.ASIA_SABA.IAS.ASIA.OCS.A7963; APM_L3.SABA.GTS.REBOUND_SABA.RCR.TRS.A7295; CSM_L3.SABA.GTS.REBOUND_SABA.PAS.DRE.GREEN.AK705; APM_L3.SABA.GTS_SABA.EMEA.ITALY.SPA; APM_L3.SABA.GBTO_CG.SABA.GBTO.REPLAY; APM_L3.SABA.GTS.REBOUND_SABA.RCR.ZTT.A7295; APM_L3.SABA.GTS_SABA.PAS.DVF.HP.AK710; APM_L3.SABA.GTS_SABA.PLT.DVT.AK677; CSM_L3.SABA.ASIA.CYBERARK.STANDARD_CYBERARK.SABA.ASIA.BUSU; APM_L3.SABA.GTS.REBOUND_SABA.PAS.MDW.ETL.AK688; CSM_L3.SABA.GTS.REBOUND_SABA.PAS.DRE.DST.AK711; CSM_RBD_SEC.ACS.IHS_ALL; CSM_RBD_PAS.XTE-FTR_ALL; CSM_RBD_OPM.MOS_ALL; CSM_RBD_SEC.ACS.ID2_ALL; CSM_L3.SABA.GTS.REBOUND_SABA.PAS.DRE.GREEN.AK704; APM_L3.SABA.GTS.REBOUND_SABA.EMEA.POL.AK231; CSM_L3.SABA.IAS.ASIA_SABA.IAS.ASIA.SYS.MTV; APM_L3.SABA.GBTO_CG.SABA.GBTO.REPLAY.IAAS; CSM_RBD_PAS.MDW.MTS.MOM.MFT_ALL; APM_L3.SABA.GTS.REBOUND_SABA.RCR.PFM.A7295; APM_L3.SABA.GTS.REBOUND_SABA.PAS.BDT.A7131; APM_L3.SABA.DWS_SABA.DWS.EVS.CORP.AK675; CSM_L3.SABA.IAS_SABA.IAS.SYS.A7733; APM_L3.SABA.GTS.REBOUND_SABA.RCR.CCI.A7295; APM_L3.SABA.GTS.REBOUND_SABA.OPM.OPT.AK674; APM_L3.NSAL3P.GTS.DATA.EXTERNAL_KMP,/orgs/1/sec_policy/draft/label_groups/75663eef-df4f-4701-aa2c-8d24b8d79641
KPI_RUN.LEVEL_LOW-LGA,app,,APM_L1.SGRF_GED.ACA.L1; APM_L1.SGRF_SGTALK.MNR.L1; APM_L1.SGRF_SGTALK.VOX.L1; APM_L1.SGRF_SAFIR.CREDIT.RISK.L1; APM_L1.SGRF_SGTALK.SGT.L1; APM_L1.SWIFT_SWIFT.SWING.L1; APM_L1.SGRF_MCF.L1; APM_L1.SGRF_SGTALK.DIG.L1; APM_L1.SWIFT_SWIFT.STARS.L1; APM_GTS_L1.HSM.TOOLING; APM_L1.SGRF_GRC.L1; CSM_SEC_SGCONNECT.L1; APM_L1.GBTO_ELIOT.L1; APM_L1.GBTO_EOLE.ALISE.GATE.L1; APM_L1.GBTO_GL.APF.L1; APM_L1.SGRF_GED.ACV.L1; APM_L1.GBTO_X.ONE.L1,,APM_GTS_L1.HSM.TOOLING; APM_L1.GBTO_EOLE.ALISE.GATE.L1; APM_L1.SGRF_SGTALK.MNR.L1; APM_L1.SWIFT_SWIFT.SWING.L1; APM_L1.SGRF_GRC.L1; APM_L1.GBTO_ELIOT.L1; APM_L1.SGRF_MCF.L1; APM_L1.SWIFT_SWIFT.STARS.L1; CSM_SEC_SGCONNECT.L1; APM_L1.GBTO_GL.APF.L1; APM_L1.SGRF_GED.ACV.L1; APM_L1.GBTO_X.ONE.L1; APM_L1.SGRF_GED.ACA.L1; APM_L1.SGRF_SGTALK.VOX.L1; APM_L1.SGRF_SAFIR.CREDIT.RISK.L1; APM_L1.SGRF_SGTALK.SGT.L1; APM_L1.SGRF_SGTALK.DIG.L1,/orgs/1/sec_policy/draft/label_groups/25621b27-5531-430a-a3a5-c694e65ba9a8
APPGROUP_L1.BUSINESS-LGA,app,"LG conatining App Labels that inhirit VITAL / ESSENTIAL / USEFUL GTS Infra rules
This APPGROUP is included inside ESSENTIAL LGA.
BUSINESS APPLICATIONS SHALL BE INCLUDED INSIDE THIS APPGROUP",APM_GBTO_CHR.NCI; APM_L1.GBTO_CHR.GP4; APM_GCR_SRG.BIR; APM_GBTO_CG.NG.OIB; APM_GBTO_CHR.IDL.COCKPIT; APM_GCR_CLS.CONTROL.BRANCH; APM_CFT_CHR.TALKS; APM_GTS_DLP.MAIL.PREVENT; CSM_GTS_DLP.MAIN.DLP; APM_L1.GBTO_CG.L1.BAD.BSS; APM_L1.GBTO_CG.L1.BAD.SST; APM_GCR_BCA; APM_GBTO_BANCS.CASH.BCH; APM_GCR_E.CASH; APM_GBTO_ISI; APM_CFT_LS.MINT; APM_CFT_LS.OSAM; APM_RBS_DESUR; APM_L1.DDS.EUR_CG.SMARTPROXY; APM_L3.SGRF.EUR_CG.CFT.CFY; APM_CFT_CHR.SCREENING.ALERTS.STA; APM_CFT_CHR.AQA; APM_CFT_CHR.STPA; APM_GBTO_CHR.ROOM; APM_GBTO_CHR.N-TIER; APM_L1.SGRF_SGTALK.DIG.L1; APM_RCR_PUMA.BDDF; APM_GCR_SIB; APM_L1.SGRF_GED.ACA.L1; APM_AFMO_SGSN.SAFECLEAR.N64; APM_L1.SGRF_SGTALK.VOX.L1; APM_L1.SGRF_SGTALK.SGT.L1; APM_AFMO_SGSN.MERCI.N63; APM_GBTO_CHR.JEDEAI; APM_GCR_OIB; APM_RCR_CIRCULARISATION.PM; APM_L1.SGRF_SGTALK.MNR.L1; APM_AFMO_SGSN.SOGESGL.N68; APM_AFMO_SGSN.KCP.N91; APM_AFMO_SGSN.LOCOMOTIV.N71; APM_AFMO_SGSN.BANQUEPRIVEE.N86; APM_IBFS_SGEF.PL.WEBCON.EGH; APM_CFT_CHR.STAR; APM_L1.SGRF_SAFIR.CREDIT.RISK.L1; APM_AFMO_SGSN.DPWORLD.N80; APM_IBFS_SGEF.PL.EGERIA.EGI; APM_GBTO_CHR.ALLTRA; APM_AFMO_SGSN.HATARI.N87; APM_L1.GBTO_X.ONE.L1; APM_GCR_PFI; APM_RCR_TDP; APM_L1.GBTO_ELIOT.L1; APM_GCR_M1F; APM_CFT_CHR.AIMS.GEN1; APM_IBFS_SGEF.IT.WINTIME.WTM; APM_IBFS_SGEF.IT.TASKIT.TAT; APM_RCR_APM.MUT; APM_L1.SWIFT_SWIFT.SWING.L1; APM_L1.SWIFT_SWIFT.STARS.L1; APM_IBFS_SGEF.IT.BOARD.GIB; APM_IBFS_SGEF.PL.CD3.EGJ; APM_IBFS_SGEF.IT.ACROS.AOS; APM_L1.SGRF_BASYLIQ.BYQ; APM_GCR_PTF; APM_L1.SGRF_MCF.L1; APM_AFMO_SGSN.DOCUBASE.N90; APM_AFMO_SGSN.IMAGES.CHEQUES.N92; APM_L1.GBTO_EOLE.ALISE.GATE.L1; APM_L1.SGRF_GRC.L1; APM_CFT_CHR.GIZEH; APM_RBS_CREDIT360; APM_GBTO_CHR.STAFF.REGISTRATION.TOOL; APM_CFT_CHR.AIMS.GEN2; APM_RBS_iGDS; APM_RBS_PED; APM_ASSU_CHR.ASSUREX; APM_CFT_CHR.STAR.IAAS; APM_RBS_FACTOBOT.IAAS; APM_GBTO_CHR.IDL.COCKPIT.IAAS; APM_GBTO_CHR.N-TIER.IAAS; APM_GBTO_CHR.STAFF.REGISTRATION.TOOL.IAAS; APM_CFT_CHR.SCREENING.ALERTS.STA.IAAS; APM_GBTO_CHR.NCI.IAAS; APM_L1.GBTO_CHR.GP4.IAAS; APM_GBTO_CHR.ROOM.IAAS; APM_CFT_LS.MINT.IAAS; APM_CFT_CHR.TALKS.IAAS; APM_CFT_LS.OSAM.IAAS; APM_GCR_E.CASH.IAAS; APM_RBS_DESUR.IAAS; APM_GBTO_BANCS.CASH.BCH.IAAS; APM_RBS_FACTOBOT; APM_RBS_CREDIT360.IAAS; APM_CFT_CHR.EXP,,APM_L1.SGRF_SGTALK.MNR.L1; APM_L1.SGRF_SAFIR.CREDIT.RISK.L1; APM_AFMO_SGSN.DOCUBASE.N90; APM_L1.GBTO_EOLE.ALISE.GATE.L1; APM_GBTO_CHR.IDL.COCKPIT.IAAS; APM_L1.GBTO_CHR.GP4.IAAS; APM_GBTO_CHR.IDL.COCKPIT; APM_L1.GBTO_CG.L1.BAD.BSS; APM_GCR_E.CASH; APM_CFT_CHR.STPA; APM_L1.SGRF_SGTALK.DIG.L1; APM_GBTO_CHR.ALLTRA; APM_GCR_PFI; APM_IBFS_SGEF.PL.CD3.EGJ; APM_CFT_CHR.TALKS; APM_RBS_FACTOBOT.IAAS; APM_AFMO_SGSN.KCP.N91; APM_L1.SGRF_SGTALK.VOX.L1; APM_L1.SGRF_GRC.L1; APM_GBTO_CHR.NCI.IAAS; APM_GCR_E.CASH.IAAS; APM_GBTO_BANCS.CASH.BCH; APM_GCR_BCA; APM_GBTO_ISI; APM_L1.SGRF_GED.ACA.L1; APM_AFMO_SGSN.DPWORLD.N80; APM_IBFS_SGEF.PL.EGERIA.EGI; APM_CFT_CHR.AIMS.GEN1; APM_L1.SWIFT_SWIFT.STARS.L1; APM_GCR_SRG.BIR; APM_AFMO_SGSN.IMAGES.CHEQUES.N92; APM_GBTO_CHR.N-TIER.IAAS; APM_L1.SGRF_MCF.L1; APM_CFT_CHR.SCREENING.ALERTS.STA; APM_L1.SGRF_SGTALK.SGT.L1; APM_RCR_APM.MUT; APM_L1.SWIFT_SWIFT.SWING.L1; APM_GBTO_CHR.STAFF.REGISTRATION.TOOL; APM_CFT_CHR.STAR.IAAS; APM_GBTO_CHR.STAFF.REGISTRATION.TOOL.IAAS; APM_L1.DDS.EUR_CG.SMARTPROXY; APM_AFMO_SGSN.BANQUEPRIVEE.N86; APM_L1.GBTO_X.ONE.L1; APM_RBS_CREDIT360; APM_CFT_LS.MINT.IAAS; APM_GBTO_CG.NG.OIB; APM_RCR_TDP; APM_L3.SGRF.EUR_CG.CFT.CFY; APM_CFT_CHR.AQA; APM_AFMO_SGSN.SAFECLEAR.N64; APM_GCR_OIB; APM_AFMO_SGSN.LOCOMOTIV.N71; APM_GCR_M1F; APM_GCR_PTF; APM_CFT_CHR.SCREENING.ALERTS.STA.IAAS; APM_CFT_LS.OSAM; APM_CFT_LS.OSAM.IAAS; APM_CFT_CHR.TALKS.IAAS; CSM_GTS_DLP.MAIN.DLP; APM_CFT_LS.MINT; APM_RCR_PUMA.BDDF; APM_CFT_CHR.STAR; APM_AFMO_SGSN.HATARI.N87; APM_RBS_PED; APM_GBTO_CHR.ROOM.IAAS; APM_GCR_CLS.CONTROL.BRANCH; APM_CFT_CHR.EXP; APM_ASSU_CHR.ASSUREX; APM_GBTO_CHR.NCI; APM_GTS_DLP.MAIL.PREVENT; APM_GCR_SIB; APM_IBFS_SGEF.IT.WINTIME.WTM; APM_IBFS_SGEF.IT.BOARD.GIB; APM_CFT_CHR.AIMS.GEN2; APM_RBS_FACTOBOT; APM_L1.GBTO_CHR.GP4; APM_GBTO_BANCS.CASH.BCH.IAAS; APM_AFMO_SGSN.MERCI.N63; APM_GBTO_CHR.ROOM; APM_AFMO_SGSN.SOGESGL.N68; APM_IBFS_SGEF.PL.WEBCON.EGH; APM_L1.SGRF_BASYLIQ.BYQ; APM_RBS_DESUR.IAAS; APM_L1.GBTO_CG.L1.BAD.SST; APM_L1.GBTO_ELIOT.L1; APM_IBFS_SGEF.IT.ACROS.AOS; APM_CFT_CHR.GIZEH; APM_RBS_iGDS; APM_RBS_CREDIT360.IAAS; APM_RCR_CIRCULARISATION.PM; APM_GBTO_CHR.N-TIER; APM_GBTO_CHR.JEDEAI; APM_IBFS_SGEF.IT.TASKIT.TAT; APM_RBS_DESUR,/orgs/1/sec_policy/draft/label_groups/d7c8ce43-3f32-4850-bdff-176276eb0829
AP_GTS-LGA,app,Label group for all GTS applications,CSM_RBD_SEC.ACS.LDD_ALL; CSM_RBD_SEC.ACS.OFP_ALL; APM_GTS_LUIGI.DWF.MIGRATION.FACTORY; CSM_RBD_CYBERARK.MVS.ADMIN; APM_GTS_CYBERARK.YOGA.MAINFRAME; AP_GTS_A2S; AP_GTS_NTS; AP_GTS_TIB; APM_GTS.SEC.STS_ILU; APM_GTS_AD.REMDIATION.PATH; APM_GTS_DWS.FR; APM_GTS_DWS.WKS.FR; CSM_RBD_OPM.MOS_ALL; CSM_RBD_SEC.ACS.OUD_ALL; CSM_RBD_PAS.BDT_ALL; CSM_RBD_PAS.DVF_ALL; CST_DEP_HPSA_ALL_EAO-A7010-PRD.A7010; APM_GTS.SEC.DSS_VARONIS.ITIM; APM_GTS.SEC.DSS_VARONIS.CORP; APM_GTS.SEC.DSS_VARONIS.EMEA; APM_GTS.SEC.STS_MYFLOWS; APM_GTS.SEC.SCS_PKC; APM_L3.GTS.EUR_ILLUMIO.SM.L3; APM_GTS_AIX.INFRA.SERVER.IAS.SYS; APM_GTS.SEC.SCS_PKC.IAAS,,CSM_RBD_PAS.DVF_ALL; APM_GTS.SEC.SCS_PKC; APM_L3.GTS.EUR_ILLUMIO.SM.L3; APM_GTS_CYBERARK.YOGA.MAINFRAME; AP_GTS_A2S; AP_GTS_TIB; CSM_RBD_SEC.ACS.OUD_ALL; CSM_RBD_PAS.BDT_ALL; APM_GTS.SEC.SCS_PKC.IAAS; APM_GTS_DWS.FR; APM_GTS.SEC.DSS_VARONIS.CORP; CSM_RBD_SEC.ACS.LDD_ALL; APM_GTS_LUIGI.DWF.MIGRATION.FACTORY; CSM_RBD_CYBERARK.MVS.ADMIN; APM_GTS.SEC.STS_ILU; APM_GTS_AD.REMDIATION.PATH; CSM_RBD_SEC.ACS.OFP_ALL; CSM_RBD_OPM.MOS_ALL; APM_GTS.SEC.DSS_VARONIS.ITIM; APM_GTS.SEC.DSS_VARONIS.EMEA; AP_GTS_NTS; APM_GTS_DWS.WKS.FR; CST_DEP_HPSA_ALL_EAO-A7010-PRD.A7010; APM_GTS.SEC.STS_MYFLOWS; APM_GTS_AIX.INFRA.SERVER.IAS.SYS,/orgs/1/sec_policy/draft/label_groups/a3bf9084-02e9-49cf-b853-d0bc546689bc
L3.GBTO.EUR.UAT-LGE,env,,UAT; DEV; PREPROD; HOM1,,DEV; PREPROD; HOM1; UAT,/orgs/1/sec_policy/draft/label_groups/d868b08d-184b-4f8a-a73c-b5f18530e9ab
L3.EJBCA.EUR-LGA,app,Label Group for Critical Group Applications part of L3 EJBCA EUR,APM_L3.EJBCA.EUR_CG.CMS; APM_L3.EJBCA.EUR_CG.CRYPTO; APM_L3.EJBCA.EUR_CG.EJBCA,,APM_L3.EJBCA.EUR_CG.CMS; APM_L3.EJBCA.EUR_CG.CRYPTO; APM_L3.EJBCA.EUR_CG.EJBCA,/orgs/1/sec_policy/draft/label_groups/3677f546-9ef9-482f-868b-5440e1865e50
L3.GBTO.ASIA-LGA,app,Label Group for Critical Group Applications part of GBTO.ASIA Entity,APM_L3.GBTO.ASIA_CG.ELIOT.ASIA; APM_L3.GBTO.ASIA_CG.X.ONE.ASIA,,APM_L3.GBTO.ASIA_CG.ELIOT.ASIA; APM_L3.GBTO.ASIA_CG.X.ONE.ASIA,/orgs/1/sec_policy/draft/label_groups/8de673cc-2f67-4e51-82d6-219744738587
REGION.EUR-LGL,loc,Contain all EUR Region Label,FRANCE; ITALY; IRELAND; GREAT BRITAIN; GERMANY; BELGIUM; LUXEMBOURG; NETHERLANDS; POLAND; ROMANIA; SWITZERLAND; SWEDEN; AUSTRIA,,IRELAND; LUXEMBOURG; GERMANY; BELGIUM; NETHERLANDS; POLAND; ROMANIA; FRANCE; ITALY; GREAT BRITAIN; SWITZERLAND; SWEDEN; AUSTRIA,/orgs/1/sec_policy/draft/label_groups/06c993ca-ae76-4438-afb2-1ec25ec3a1ff
KPI_SUB_ENTITY_RETAIL-ITIM.ASR-LGA,app,For KPI calculation purpose. Label group that contain Application Labels part of ITIM.ASR Sub-entity,APM_L3.SGRF.EUR_CG.GED.GCB; APM_L1.SGRF_GED.GBQ; APM_L1.SGRF_GED.IGB; APM_L1.SGRF_GED.GBX; APM_L1.SGRF_GED.ACV.L1; APM_L1.SGRF_GED.ACA.L1; APM_L1.SGRF_GED.GBA; AP_RCR_GED.GCG; APM_L3.SGRF.EUR_CG.GED.ACA; APM_L3.SGRF.EUR_CG.GED.ACV; APM_L3.SGRF.EUR_CG.GED.GBA; APM_L3.SGRF.EUR_CG.GED.GBQ; APM_L3.SGRF.EUR_CG.GED.GBX; APM_L3.SGRF.EUR_CG.GED.IGB; APM_L3.SGRF.EUR_CG.GED.GCG; APM_L3.SGRF.EUR_CG.GED.GBQ.IAAS; APM_L3.SGRF.EUR_CG.GED.IGB.IAAS; APM_L3.SGRF.EUR_CG.GED.GBX.IAAS,,APM_L3.SGRF.EUR_CG.GED.ACV; APM_L3.SGRF.EUR_CG.GED.GCG; APM_L1.SGRF_GED.GBX; APM_L1.SGRF_GED.GBA; APM_L1.SGRF_GED.IGB; APM_L1.SGRF_GED.ACV.L1; AP_RCR_GED.GCG; APM_L3.SGRF.EUR_CG.GED.GBA; APM_L3.SGRF.EUR_CG.GED.GBQ; APM_L3.SGRF.EUR_CG.GED.GBX; APM_L3.SGRF.EUR_CG.GED.GCB; APM_L1.SGRF_GED.GBQ; APM_L3.SGRF.EUR_CG.GED.IGB; APM_L3.SGRF.EUR_CG.GED.GBQ.IAAS; APM_L3.SGRF.EUR_CG.GED.IGB.IAAS; APM_L1.SGRF_GED.ACA.L1; APM_L3.SGRF.EUR_CG.GED.ACA; APM_L3.SGRF.EUR_CG.GED.GBX.IAAS,/orgs/1/sec_policy/draft/label_groups/4de388c1-a921-408e-bf40-bef5d8b6ce32
REGION.AMER-LGL,loc,Label Group Location,BRAZIL; CANADA; USA; UNITED STATES OF AMERICA,,BRAZIL; CANADA; USA; UNITED STATES OF AMERICA,/orgs/1/sec_policy/draft/label_groups/748d45fe-33b2-4436-9ab8-387c3ef8cf75
KPI_SUB_ENTITY_GBIS-GBSU.FIC-LGA,app,For KPI calculation purpose. Label group that contain Application Labels part of GBSU.MTR Sub-entity,APM_L3.GBTO.EUR_CG.X.ONE.CL.EUR; APM_GBTO_CHR.IDL.COCKPIT; APM_GBTO_CHR.NCI; APM_GCR_SRG.BIR; APM_GCR_CLS.CONTROL.BRANCH; APM_L1.GBTO_X.ONE.L1; APM_L1.GBTO_EOLE.ALISE.GATE.L1; APM_L3.GBTO.EUR_CG.X.ONE.EUR; APM_L3.GBTO.EUR_CG.EOLE.ALISE.GATE; APM_L3.GBTO.ASIA_CG.X.ONE.ASIA; APM_L3.GBTO.AMER_CG.X.ONE.AMER; APM_L3.GBTO.EUR_AIRFLOW.CG.X.ONE.EUR; APM_GBTO_CHR.IDL.COCKPIT.IAAS; APM_L3.GBTO.EUR_CG.EOLE.ALISE.GATE.IAAS; APM_L3.GBTO.EUR_CG.X.ONE.EUR.IAAS; APM_GBTO_CHR.NCI.IAAS; APM_L3.GBTO.EUR_AIRFLOW.CG.X.ONE.EUR.IAAS; APM_L3.GBTO.EUR_CG.X.ONE.CL.EUR.IAAS,,APM_GBTO_CHR.NCI.IAAS; APM_L3.GBTO.EUR_AIRFLOW.CG.X.ONE.EUR.IAAS; APM_L3.GBTO.EUR_CG.EOLE.ALISE.GATE; APM_GCR_SRG.BIR; APM_L3.GBTO.ASIA_CG.X.ONE.ASIA; APM_L3.GBTO.AMER_CG.X.ONE.AMER; APM_L3.GBTO.EUR_CG.X.ONE.EUR.IAAS; APM_GBTO_CHR.IDL.COCKPIT; APM_GCR_CLS.CONTROL.BRANCH; APM_L1.GBTO_X.ONE.L1; APM_L3.GBTO.EUR_CG.X.ONE.EUR; APM_L3.GBTO.EUR_AIRFLOW.CG.X.ONE.EUR; APM_GBTO_CHR.IDL.COCKPIT.IAAS; APM_L3.GBTO.EUR_CG.EOLE.ALISE.GATE.IAAS; APM_L3.GBTO.EUR_CG.X.ONE.CL.EUR; APM_L1.GBTO_EOLE.ALISE.GATE.L1; APM_L3.GBTO.EUR_CG.X.ONE.CL.EUR.IAAS; APM_GBTO_CHR.NCI,/orgs/1/sec_policy/draft/label_groups/5f417db6-6af2-4252-8204-53a9c83cb88a
KPI_SUB_ENTITY_IBFS-SGEF.PL-LGA,app,For KPI calculation purpose. Label group that contain Application Labels part of SGEF.PL Sub-entity,APM_IBFS_SGEF.PL.WEBCON.EGH; APM_IBFS_SGEF.PL.CD3.EGJ; APM_IBFS_SGEF.PL.EGERIA.EGI,,APM_IBFS_SGEF.PL.EGERIA.EGI; APM_IBFS_SGEF.PL.WEBCON.EGH; APM_IBFS_SGEF.PL.CD3.EGJ,/orgs/1/sec_policy/draft/label_groups/8250b53e-8658-46ed-9170-d14d38371066
KPI_SUB_ENTITY_RETAIL-ITIM.CSR-LGA,app,For KPI calculation purpose. Label group that contain Application Labels part of ITIM.CSR Sub-entity,APM_L1.SGRF_VIREMENTS.UNIFIES; APM_RCR_IPI; APM_RCR_PUMA.BDDF; APM_L1.SGRF_SGTALK.MNR.L1; APM_L1.SGRF_SGTALK.DIG.L1; APM_RCR_CIRCULARISATION.PM; APM_RCR_SVX; AP_RCR_ELO; APM_RCR_IFL; APM_RCR_LOAN.COMPLIANCE; APM_RCR_IFIMM.INFOCENTRE; Decom_APM_L1.SGRF_URTA; APM_L1.SGRF_SGTALK.VOX.L1; APM_L1.SGRF_SGTALK.SGT.L1; APM_L3.SGRF.EUR_CG.GRC; APM_L3.SGRF_URTA; APM_L3.SGRF.EUR_CG.VIREMENTS.UNIFIES; APM_L1.SGRF_GRC.L1; APM_L3.SGRF.EUR_CG.SGTALK.SGT; APM_L3.SGRF.EUR_CG.SGTALK.VOX; APM_L3.SGRF.EUR_CG.SGTALK.MNR; APM_L3.SGRF.EUR_CG.SGTALK.DIG,,APM_L3.SGRF.EUR_CG.SGTALK.DIG; APM_L1.SGRF_SGTALK.DIG.L1; APM_L1.SGRF_SGTALK.VOX.L1; Decom_APM_L1.SGRF_URTA; APM_L1.SGRF_SGTALK.SGT.L1; APM_L3.SGRF.EUR_CG.SGTALK.MNR; APM_RCR_PUMA.BDDF; APM_RCR_IFL; APM_L1.SGRF_GRC.L1; APM_L3.SGRF.EUR_CG.SGTALK.VOX; APM_L1.SGRF_VIREMENTS.UNIFIES; APM_RCR_CIRCULARISATION.PM; APM_RCR_SVX; AP_RCR_ELO; APM_RCR_LOAN.COMPLIANCE; APM_RCR_IFIMM.INFOCENTRE; APM_L3.SGRF.EUR_CG.GRC; APM_L3.SGRF_URTA; APM_RCR_IPI; APM_L1.SGRF_SGTALK.MNR.L1; APM_L3.SGRF.EUR_CG.VIREMENTS.UNIFIES; APM_L3.SGRF.EUR_CG.SGTALK.SGT,/orgs/1/sec_policy/draft/label_groups/32e3eb20-342f-424f-ad14-e437ce81e9fc
KPI_ENTITY_RESG-LGA,app,For KPI calculation purpose. Label Group that contain sub-label groups of RESG entity,,KPI_SUB_ENTITY_RESG-TIS-LGA;KPI_SUB_ENTITY_RESG-CFT-LGA;KPI_SUB_ENTITY_RESG-GTS.SEC-LGA;KPI_SUB_ENTITY_RESG-GTS.RCR-LGA;KPI_SUB_ENTITY_RESG-GTS.OPM-LGA;KPI_SUB_ENTITY_RESG-GTS.IAS-LGA;KPI_SUB_ENTITY_RESG-GTS.PAS-LGA;KPI_SUB_ENTITY_RESG-GTS.GCR-LGA;KPI_SUB_ENTITY_RESG-DDS-LGA;KPI_SUB_ENTITY_RESG-GTS.DWS-LGA,APM_L3.GTS.EUR_CG.VAULT.RP.GTS; APM_GTS_DLP.MAIL.PREVENT; CSM_RBD_PAS.ADB_ALL; CSM_RBD_SEC.ACS.LDO_ALL; APM_CFT_CHR.AIMS.GEN1; APM_L3.SGRF.EUR_FTAAS.L3.SGRF; CSM_RBD_CYBERARK.STANDARD.FRA.GTS; CSM_NET_DNS.INFRASTRUCTUR; APM_GBTO_CHR.ROOM; APM_GTS.SEC.STS_DATA4SEC; CSM_ADMIN_IAS.WINDOWS_ALL; APM_L3.SABA.GTS.REBOUND_SABA.PAS.MDW.CTN.AK684; APM_GTS.SEC.SCS.EUR_KMP; CSM_BCK_FRA.NETWORKER; APM_L3.SGRF.EUR_CG.ERG.EVOLAN.ERL; APM_GBTO_CHR.N-TIER.IAAS; CSM_RBD_SEC.ACS.ID1_ALL; APM_L3.SABA.IAS.ASIA_SABA.IAS.ASIA.SBS.A7796; APM_L3.SABA.GTS_SABA.EMEA.ITALY.SPA; APM_L3.SGRF.EUR_CG.ERG.EVOLAN.ERG.IAAS; CSM_RBD_CYBERARK.STANDARD.ASIA.BUSU; CSM_STO-NAS_1332_DEV-NAS.SERVERS; APM_L3.GTS.EUR_ILLUMIO.SM.L3; APM_L3.SABA.GTS.REBOUND_SABA.RCR.CCI.A7295; APM_GTS_FRA.GWIM.GLOBAL.WINDOWS.MASTER; CSM_SEC_FRA.EJBCA; APM_GTS.SEC.STS_MYFLOWS; APM_L3.SABA.GTS.REBOUND_SABA.PAS.BDT.A7131; CSM_L3.SABA.GTS.REBOUND_SABA.PAS.DRE.DST.AK711; APM_L3.SGRF.EUR_CG.COLOSS.ECX; APM_L3.SGRF.EUR_CG.CFT.CFY; CSM_AUTH_FRA.IDM.PLT; CSM_SEC_SEPM.GSC; APM_L3.EJBCA.EUR_CG.EJBCA; APM_GBTO_CHR.ROOM.IAAS; APM_CFT_CHR.SCREENING.ALERTS.STA.IAAS; CSM_RBD_CYBERARK.STANDARD.GSC.GTS; CSM_RBD_PAS.DVF_ALL; APM_L3.DTZONE.EUR.BACK.PANTIN_CG.SGCONNECT.DTZONE.BACK.PANTIN; APM_GTS.SEC.DSS_VARONIS.ITIM; APM_L3.SABA.GTS.REBOUND_SABA.FRA.STS.TOOLING.AK759; APM_GTS_OBJECT.STORAGE.RP.LOW.AMER; APM_L3.DTZONE.EUR.FRONT.PANTIN_CG.SGCONNECT.DTZONE.FRONT.PANTIN; CSM_L3.SABA.GTS.REBOUND_SABA.PAS.DRE.RED.AK701; APM_L3.SGRF.EUR_CG.SAFIR.CREDIT.RISK; APM_GTS_SNORF; APM_CFT_CHR.STAR; CSM_RBD_SEC.ACS.IRU_ALL; APM_L1.SGRF_CDM.DFIN; APM_L3.SGRF_SAFIR.CREDIT.RISK; APM_L3.SANA.DMZ.RTFE.TOOLING.AUTHENT.ISE_SANA.RTFE.TOOLING; APM_L3.SGRF_COLOSS; CSM_RBD_SEC.ACS.DSI.DMZ; CSM_RBD_SEC.ACS.OFP_ALL; CSU_GTS_PPAAS_ALL; APM_CFT_LS.OSAM.IAAS; CSM_RBD_CYBERARK.STANDARD.UK.GTS; CSM_CTX_FRA.CTX.PUBLISHED.DESKTOP; APM_L3.SGRF.EUR_CG.NOSICA.IAAS; APM_GTS_CYBERARK.YOGA.MAINFRAME; CSM_L3.SABA.IAS_SABA.IAS.SYS.A7733; APM_L3.SABA.GTS_SABA.PAS.DVF.HP.AK710; APM_L3.GBTO.EUR_FTAAS.L3.GBTO; APM_L3.FIGARO.EUR_CG.FIGARO; APM_L3.SABA.ADMIN.SCALITY_SABA.ADMIN.SCALITY.SBS.A7960; APM_L3.SGRF_COLOSS.COL; APM_CFT_CHR.TALKS.IAAS; APM_GTS.SEC.DVF_AMER.LDO; CSM_SYS_VIRTUAL.MACHINE.SERVER.MEDIUM; APM_RCR_TDP; APM_GTS_NAS.SERVERS; APM_L3.SGRF.EUR_CG.SATIS.L3.SGRF; CSM_SEC_SEPM.WW; APM_GTS_L1.HSM.TOOLING; APM_L3.SABA.GTS.REBOUND_SABA.RCR.TRS.A7295; APM_L3.SGRF.EUR_CG.BASYLIQ.BYQ; CSM_GTS_IAS.SBS.LINUX; APM_L3.SGRF_SATIS; APM_L3.SABA.DWS_SABA.DWS.UCS.AK679; APM_GTS_MS.WINDOWS.INFRASTRUCTURE; CSM_RBD_PAS.MDW.MTS.MOM.MFT_ALL; CSM_L3.SABA.GTS.REBOUND_SABA.PAS.DRE.GREEN.AK705; APM_L3.EJBCA.EUR_CG.CRYPTO; CSM_SYS-NTS_1326_DEV-WINDOWS.CORE.INFRA; APM_L3.SGRF.EUR_CG.SATIS.L3.SGRF.IAAS; CSM_RBD_CYBERARK.STANDARD.ASIA.GTS; CSM_AUTH_ASIA.IDM.PLT; CSM_RBD_PAS.MDW.CACHE_ALL; APM_GTS_DWS.FR; APM_L3.SGRF.EUR_CG.CDM.DFIN; APM_L3.SGRF.EUR_CG.SAFIR.CREDIT.RISK.IAAS; CSM_RBD_SEC.SCS_ALL; CSM_NET_DHCP.NDQ.GSC; CSM_RBD_CYBERARK.ALERO.GTS; CSM_MGT_FRA.ADMIN.INFRA.MAINFRAME.SAIZ; CSM_L3.SABA.IAS_SABA.IAS.CTS.VPS.A7323; APM_L3.EJBCA.EUR_CG.CMS; APM_L3.SABA.GTS.REBOUND_SABA.EMEA.POL.AK231; CSM_RBD_PAS.XTE-FTR_ALL; APM_GTS_AD.REMDIATION.PATH; APM_GTS.SEC.SCS_PKC.IAAS; APM_GTS_CG.FRA.AUTOSYS; CSM_RBD_PAS.MDW.WAS_ALL; APM_GTS_FLO; CSM_RBD_OPM.MOS_ALL; CSM_RBD_CYBERARK.PREMIUM.SABA.GTS; CSM_RBD_CYBERARK.STANDARD.GSC.BUSU; CSM_RBD_IAS.WINDOWS_ALL; APM_GTS_AIX.INFRA.SERVER.IAS.SYS; CSM_SYS-WUM-WW.UNIX.MASTER; APM_CFT_CHR.GIZEH; APM_L3.GBTO_SATIS; APM_L3.SABA.GTS.REBOUND_SABA.RCR.ZTT.A7295; CSM_BCK_FRA.NETWORKER.2; APM_CFT_CHR.TALKS; CSM_RBD_PAS.MDW.BO_ALL; APM_L3.GBTO.EUR_CG.SATIS.L3.GBTO; APM_GTS_LUIGI.DWF.MIGRATION.FACTORY; APM_L3.SABA.IAS_SABA.IAS.CTS.OCS.A7961; APM_L3.GBTO.EUR_CG.SGCONNECT.L3; CSM_MON_MS.WIN.CORE.INFRA.MARACIAAS; CSM_BATCH_FRA.CONTROLM.BDDF; CSM_RBD_CYBERARK.MVS.BUSU; AP_GTS_ILU; APM_L3.SABA.IAS_SABA.IAS.SYS.AK634; APM_L3.SABA.GTS.REBOUND_SABA.PAS.DVF.AIRFLOW.AK706; APM_L1.DDS.EUR_CG.SMARTPROXY; CSM_DEP_MASTER.UNIX.SATELLITE.CAPSULES; CSM_RBD_PAS.MDW.CTN_ALL; APM_L3.SABA.IAS.ASIA_SABA.IAS.ASIA.OCS.A7963; APM_L3.SGRF.EUR_CG.COLOSS.COL.IAAS; APM_L3.SABA.GTS.REBOUND_SABA.PAS.MDW.MTS.MFT.AK686; APM_L3.SGRF_BASYLIQ.TCT; APM_L3.SGRF.EUR_CG.COLOSS.ECX.IAAS; APM_CFT_CHR.EXP; APM_GTS.SEC.DSS_VARONIS.EMEA; CSM_RBD_CYBERARK.PREMIUM.SABA.BUSU; APM_GTS.SEC.SCS_PKC; CSM_RBD_IAS.AIX_ALL; APM_L3.SABA.GTS.REBOUND_SABA.CFT.IREVENUE; APM_L3.SGRF.EUR_CG.COLOSS.FBI; APM_L3.SGRF.EUR_CG.BASYLIQ.BBC; APM_L3.SGRF.EUR_CG.NOSICA; CSM_RBD_CYBERARK.MVS.ADMIN; CSM_RBD_PAS.MDW.MTS.MOM_ALL; APM_GTS_CG.CITRIX.ACCESS.CHAIN; APM_L3.SABA.IAS_SABA.IAS.CTS.HPS.GRID.D0339; CSM_L3.SABA.GTS.REBOUND_SABA.PAS.DRE.GREEN.AK703; APM_L3.SABA.GTS.REBOUND_SABA.PAS.MDW.CACHE.AK685; APM_L3.SGRF.EUR_CG.BASYLIQ.BBC.IAAS; APM_L3.SABA.GTS.REBOUND_SABA.RCR.PFM.A7295; CSM_ADMIN_IAS.LINUX_ALL; CSM_RBD_PAS.BDT_ALL; APM_CFT_CHR.SCREENING.ALERTS.STA; CSM_RBD_CYBERARK.STANDARD.FRA.BUSU; APM_CFT_LS.MINT; CSM_GTS_DLP.MAIN.DLP; CSM_BATCH_FRA.CONTROLM.BDDF.IAAS; MUT_GCR_MQ; CSM_SYS_UNIX.SERVER; CSM_L3.SABA.IAS_SABA.IAS.CTS.HPS.AK754; SSM_RBD_CYBERARK.AMER; CSM_SYS-UNX_396246_PRD-UNIX.CORE.INFRA; APM_L3.SABA.GTS.REBOUND_SABA.PAS.MDW.CAST.AK799; APM_L3.DTZONE.EUR.FRONT.MARCOUSSIS_CG.SGCONNECT.DTZONE.FRONT.MARCOUSSIS; APM_L3.SABA.GTS.REBOUND_SABA.OPM.OPT.AK674; CSM_L3.SABA.GTS.REBOUND_SABA.PAS.DRE.GREEN.AK704; APM_L3.SABA.GTS.REBOUND_SABA.GCR.MDT.MMI.AK725; APM_L3.DTZONE.EUR.BACK.MARCOUSSIS_CG.SGCONNECT.DTZONE.BACK.MARCOUSSIS; APM_L3.SABA.GTS.REBOUND_SABA.RCR.DBA.A7295; CSM_SYS_WW.PUPPET.AAS; APM_L3.SANA.NSAL3P.BSC.DMZ.RTFE.API_SANA.RTFE.API; CTX_GCR_COMMON_DESKTOP-AG; CSM_SEC_SGCONNECT.L1; CSM_DEP_FRA.SCCM.CORP; CS_SEC_ANTIVIR.SEPM_ALL; APM_GTS_FRA.ADMIN.TERADATA; CSM_RBD_PAS.DRE_ALL; APM_L3.SGRF.EUR_CG.NRG; APM_CFT_LS.MINT.IAAS; CSM_SYS_SSHKIT.SSK; CSM_L3.SABA.IAS.ASIA_SABA.IAS.ASIA.SYS.MTV; APM_L3.SABA.DWS_SABA.DWS.EVS.DOMFR00.AK676; CSM_RBD_CYBERARK.STANDARD.UK.BUSU; APM_GTS.SEC.SCS_HASHICORP.CP.MYVAULT; APM_GTS_CG.FRA.AUTOSYS.IAAS; CSM_BCK_FRA.NETWORKER.GSC; CSM_RBD_IAS.LINUX_ALL; APM_RBS_CREDIT360.IAAS; APM_GBTO_CHR.N-TIER; CSM_RBD_SEC.ACS.LDD_ALL; CSM_RBD_SEC.ACS.ID2_ALL; APM_L3.SGRF.EUR_CG.COLOSS.COL; CSM_L3.SABA.GTS.REBOUND_SABA.PAS.DRE.DST.AK707; APM_L3.SABA.DWS_SABA.DWS.EVS.CORP.AK675; CSM_BCK_FRA.TSM.RBDF; APM_L3.SABA.GTS.REBOUND_SABA.PAS.MDW.BO.AK689; CSM_L3.SABA.GTS.REBOUND_SABA.PAS.MDW.MOM.AK687; APM_GTS_DWS.WKS.FR; APM_L1.SGRF_SAFIR.CREDIT.RISK.L1; CSM_BCK_VERITAS.NETBACKUP; APM_L3.SGRF.EUR_CG.ERG.EVOLAN.ERG; APM_L3.SABA.IAS_SABA.IAS.SBS.AK500; CSM_NET_FRA.PEPSY.ROUGE.DHCP; CSM_L3.SABA.DWS_SABA.DWS.CWS.AK678; APM_L3.FIGARO.EUR_CG.FIGARO.IRSA; APM_GBTO_CHR.RFI; CSM_AUTH_AMER.IDM.PLT; APM_L3.SABA.GTS.REBOUND_SABA.PAS.MDW.ETL.AK688; APM_CFT_LS.OSAM; APM_GTS.SEC.STS_ILU; APM_GCR_M1F; CSM_RBD_SEC.ACS.OUD_ALL; CSM_RBD_SEC.ACS.IHS_ALL; APM_GTS.SEC.DSS_VARONIS.CORP; APM_L3.SABA.GTS.REBOUND_SABA.SEC.ACS.DMS.A7063; CSM_GTS_FRA.NDG.MASTERING.INFRA,/orgs/1/sec_policy/draft/label_groups/2929a0e2-a62d-4525-b73e-06a07ee8a7f0
KPI_PROGRAM_SEC.DVF-LGA,app,,APM_GTS.SEC.STS_DATA4SEC; APM_GTS.SEC.DSS_VARONIS.ITIM; APM_GTS.SEC.DSS_VARONIS.CORP; APM_GTS.SEC.DSS_VARONIS.EMEA; CS_SEC_ASIA.CN.CYBERARK_ALL; AP_GTS_ILU; TST_GTS_ILU; APM_GTS.SEC.STS_MYFLOWS; APM_GTS.SEC.SCS_PKC; CSM_RBD_CYBERARK.ALERO.GTS; APM_GTS.SEC.SCS_HASHICORP.CP.MYVAULT; APM_GTS.SEC.SCS.EUR_KMP; CSM_GTS_DLP.MAIN.DLP; APM_GTS_DLP.MAIL.PREVENT; APM_GTS.SEC.STS_DATA4SEC.MONITORING; APM_GTS.PAS_EXACC; APM_GTS.SEC.STS_DATA4SEC.DOC; APM_GTS.SEC.STS_ILU; APM_GTS.ACS_FRA.OUD.PLT.MKT; CSM_RBD_SEC.ACS.IRU_ALL; CSM_RBD_SEC.ACS.LDD_ALL; APM_GTS.SEC.DVF_AMER.LDO; CSM_RBD_SEC.ACS.OUD_ALL; CSM_RBD_SEC.ACS.DSI.DMZ; APM_GTS_DLP.MAIL.PREVENT.NPA; APM_GTS.SEC.DVF_ASIA.IDM.MKT; APM_GTS.SEC.SCS_PKC.IAAS; APM_GTS.SEC.STS_DATA4SEC.MONITORING.IAAS,,CSM_RBD_SEC.ACS.LDD_ALL; APM_GTS.SEC.SCS_PKC.IAAS; APM_GTS.PAS_EXACC; APM_GTS.SEC.SCS_HASHICORP.CP.MYVAULT; APM_GTS_DLP.MAIL.PREVENT; APM_GTS.SEC.DSS_VARONIS.ITIM; APM_GTS.SEC.DSS_VARONIS.EMEA; CS_SEC_ASIA.CN.CYBERARK_ALL; AP_GTS_ILU; APM_GTS.SEC.STS_DATA4SEC; APM_GTS.SEC.SCS_PKC; CSM_RBD_CYBERARK.ALERO.GTS; CSM_GTS_DLP.MAIN.DLP; APM_GTS.SEC.STS_DATA4SEC.MONITORING; CSM_RBD_SEC.ACS.IRU_ALL; APM_GTS.SEC.DSS_VARONIS.CORP; APM_GTS.SEC.DVF_AMER.LDO; CSM_RBD_SEC.ACS.OUD_ALL; CSM_RBD_SEC.ACS.DSI.DMZ; APM_GTS.SEC.DVF_ASIA.IDM.MKT; APM_GTS.SEC.STS_ILU; APM_GTS.ACS_FRA.OUD.PLT.MKT; APM_GTS.SEC.SCS.EUR_KMP; APM_GTS.SEC.STS_DATA4SEC.DOC; TST_GTS_ILU; APM_GTS_DLP.MAIL.PREVENT.NPA; APM_GTS.SEC.STS_DATA4SEC.MONITORING.IAAS; APM_GTS.SEC.STS_MYFLOWS,/orgs/1/sec_policy/draft/label_groups/e48bf531-4e1a-4c59-b3b0-0153e9feb9c7
KPI_STRATEGY_BLACKLIST-LGA,app,Import Label group through workloader,APM_CTX_FRA.CTX.WORKER.BDR; AP_RCR_DRP; AP_RCR_AMD; APM_RCR_IPI; APM_RCR_IFL; APM_RCR_CIRCULARISATION.PM; CSM_RBD_CYBERARK.MVS.BUSU; CSM_RBD_CYBERARK.PREMIUM.SABA.BUSU; CSM_RBD_CYBERARK.PREMIUM.SABA.GTS; SSM_RBD_CYBERARK.AMER; CSM_RBD_CYBERARK.MVS.ADMIN; APM_GTS_DWS.FR; APM_GTS_DWS.WKS.FR; APM_RCR_APM.MUT; APM_RCR_PUMA.BDDF; AP_RCR_ELO; APM_RCR_IFIMM.INFOCENTRE; APM_RCR_LOAN.COMPLIANCE; APM_RCR_SVX; CSM_BCK_FRA.NETWORKER.GSC; CSM_NET_DHCP.NDQ.GSC; CS_SEC_ANTIVIR.SEPM_ALL; CSM_RBD_CYBERARK.STANDARD.ASIA.BUSU; CSM_RBD_CYBERARK.STANDARD.ASIA.GTS; CSM_RBD_CYBERARK.STANDARD.GSC.GTS; CSM_RBD_CYBERARK.STANDARD.UK.GTS; CSM_RBD_CYBERARK.STANDARD.UK.BUSU; APM_GTS_CG.FRA.AUTOSYS; CSM_BATCH_FRA.CONTROLM.BDDF; CSM_BCK_FRA.NETWORKER; CSM_CTX_FRA.CTX.PUBLISHED.DESKTOP; CSM_DEP_FRA.SCCM.CORP; CSM_GTS_FRA.NDG.MASTERING.INFRA; CSM_NET_FRA.PEPSY.ROUGE.DHCP; CSM_SEC_SEPM.WW; CSM_RBD_CYBERARK.STANDARD.FRA.BUSU; CSM_SEC_SEPM.GSC; CSM_RBD_CYBERARK.STANDARD.GSC.BUSU; CSM_RBD_CYBERARK.STANDARD.FRA.GTS; CTX_GCR_COMMON_DESKTOP-AG; CSM_BCK_FRA.TSM.RBDF; APM_GCR_M1F; APM_L1.DDS.EUR_CG.SMARTPROXY; SSM_GTS_CG.FRA.WEBSPHERE; APM_L3.GTS.EUR_FRA-CONTROLM; APM_GTS_CG.NEWFED; APM_GBTO_ISI; APM_CTX_FRA.CTX.WORKER.LOAN.IQ; APM_GTS_CG.FRA.FTR; APM_CTX_FRA.CTX.WORKER.XONE; APM_CTX_FRA.CTX.WORKER.ELIOT; APM_CTX_FRA.CTX.WORKER.ERG; APM_GTS.AMER_CG.AUTOSYS.AMER; APM_GTS_CG.FRA.AUTOSYS.IAAS; CSM_BATCH_FRA.CONTROLM.BDDF.IAAS,,CSM_RBD_CYBERARK.PREMIUM.SABA.GTS; CSM_RBD_CYBERARK.STANDARD.ASIA.GTS; CSM_SEC_SEPM.GSC; CSM_RBD_CYBERARK.MVS.ADMIN; APM_GTS_DWS.WKS.FR; CSM_NET_DHCP.NDQ.GSC; APM_CTX_FRA.CTX.WORKER.XONE; APM_GTS_CG.FRA.AUTOSYS.IAAS; APM_RCR_IFL; CS_SEC_ANTIVIR.SEPM_ALL; CSM_RBD_CYBERARK.STANDARD.GSC.GTS; CSM_CTX_FRA.CTX.PUBLISHED.DESKTOP; AP_RCR_DRP; CSM_RBD_CYBERARK.PREMIUM.SABA.BUSU; APM_RCR_IFIMM.INFOCENTRE; CSM_RBD_CYBERARK.STANDARD.ASIA.BUSU; CSM_RBD_CYBERARK.STANDARD.GSC.BUSU; CSM_DEP_FRA.SCCM.CORP; APM_GTS_DWS.FR; APM_RCR_LOAN.COMPLIANCE; APM_RCR_SVX; CSM_BCK_FRA.NETWORKER.GSC; CSM_GTS_FRA.NDG.MASTERING.INFRA; CSM_RBD_CYBERARK.STANDARD.UK.GTS; APM_GBTO_ISI; AP_RCR_AMD; CSM_RBD_CYBERARK.STANDARD.UK.BUSU; CSM_BATCH_FRA.CONTROLM.BDDF.IAAS; APM_RCR_CIRCULARISATION.PM; CSM_RBD_CYBERARK.STANDARD.FRA.BUSU; CTX_GCR_COMMON_DESKTOP-AG; CSM_SEC_SEPM.WW; CSM_RBD_CYBERARK.STANDARD.FRA.GTS; APM_GCR_M1F; APM_GTS_CG.NEWFED; APM_GTS_CG.FRA.FTR; APM_CTX_FRA.CTX.WORKER.BDR; SSM_RBD_CYBERARK.AMER; SSM_GTS_CG.FRA.WEBSPHERE; CSM_RBD_CYBERARK.MVS.BUSU; APM_GTS_CG.FRA.AUTOSYS; CSM_BATCH_FRA.CONTROLM.BDDF; APM_L3.GTS.EUR_FRA-CONTROLM; AP_RCR_ELO; APM_L1.DDS.EUR_CG.SMARTPROXY; APM_GTS.AMER_CG.AUTOSYS.AMER; APM_RCR_IPI; CSM_BCK_FRA.NETWORKER; CSM_NET_FRA.PEPSY.ROUGE.DHCP; APM_CTX_FRA.CTX.WORKER.ELIOT; APM_RCR_APM.MUT; APM_RCR_PUMA.BDDF; CSM_BCK_FRA.TSM.RBDF; APM_CTX_FRA.CTX.WORKER.LOAN.IQ; APM_CTX_FRA.CTX.WORKER.ERG,/orgs/1/sec_policy/draft/label_groups/d9f458a1-9ded-4369-8f69-0e25085ace8f
WORKLOADS_RCR-LGA,app,Label group for all RCR applications + core services + Shared services + Mutualized + Citrix VDI,,WORKLOADS_MC-LGA;AP_RCR-LGA;AP_GTS-LGA;SS_RCR-LGA;CTX_RCR-LGA;MUT_RCR-LGA;CS_RCR-LGA,APM_GTS.SEC.DSS_VARONIS.CORP; CSM_SEC_SEPM.WW; CSM_SEC_SEPM.GSC; CSU_MON_ZABBIX_ALL; APM_RCR_IFL; APM_RCR_IFIMM.INFOCENTRE; APM_RCR_LOAN.COMPLIANCE; APM_RCR_APM.MUT; AP_GTS_A2S; CST_DEP_HPSA_ALL_EAO-A7010-PRD.A7010; CSM_NET_DHCP.NDQ.GSC; AP_RCR_AMD; APM_RCR_PUMA.BDDF; CSM_RBD_IAS.AIX_ALL; APM_L1.SGRF_GED.GBA; APM_GTS_LUIGI.DWF.MIGRATION.FACTORY; CSM_RBD_CYBERARK.STANDARD.ASIA.BUSU; APM_L1.SGRF_MCF.L1; CSM_RBD_CYBERARK.STANDARD.UK.GTS; APM_L1.SGRF_CRISTAL.PFP.ELAPS; CSM_RBD_SEC.ACS.OUD_ALL; AP_RCR_GED.GCG; CSM_RBD_CYBERARK.MVS.ADMIN; APM_L1.SGRF_GED.GBX; AP_RCR_JDM; AP_RCR_ELO; CSM_RBD_CYBERARK.STANDARD.GSC.BUSU; CSM_GTS_IAS.SBS.LINUX; APM_L1.SGRF_VIREMENTS.UNIFIES; APM_L1.SGRF_SGTALK.MNR.L1; APM_GTS_AD.REMDIATION.PATH; APM_L3.GTS.EUR_ILLUMIO.SM.L3; APM_GTS_AIX.INFRA.SERVER.IAS.SYS; CSM_RBD_CYBERARK.STANDARD.FRA.BUSU; CSM_RBD_CYBERARK.PREMIUM.SABA.GTS; APM_RCR_TDP; CSM_RBD_SEC.ACS.OFP_ALL; CSM_RBD_IAS.LINUX_ALL; APM_L1.SGRF_SGTALK.VOX.L1; AP_GTS_NTS; APM_L1.SGRF_ETECE; CSM_RBD_SEC.ACS.LDD_ALL; APM_GTS.SEC.STS_ILU; CSM_RBD_PAS.BDT_ALL; APM_GTS.SEC.DSS_VARONIS.ITIM; APM_L1.SGRF_GED.ACV.L1; APM_L1.SGRF_SGTALK.DIG.L1; APM_L1.SGRF_GED.GBQ; APM_GTS.SEC.DSS_VARONIS.EMEA; CSM_RBD_IAS.WINDOWS_ALL; CSM_RBD_CYBERARK.STANDARD.GSC.GTS; CSM_RBD_CYBERARK.PREMIUM.SABA.BUSU; AP_RCR_DRP; APM_RCR_CIRCULARISATION.PM; CSM_NET_FRA.PEPSY.ROUGE.DHCP; CSM_RBD_OPM.MOS_ALL; APM_GTS.SEC.STS_MYFLOWS; CSM_SEC_SGCONNECT.L1; CSM_GTS_FRA.NDG.MASTERING.INFRA; APM_L1.SGRF_GED.ACA.L1; APM_GTS_CYBERARK.YOGA.MAINFRAME; CTX_GCR_COMMON_DESKTOP-AG; APM_GTS.SEC.SCS_PKC.IAAS; CSM_DEP_FRA.SCCM.CORP; APM_RCR_IPI; APM_RCR_SVX; APM_GTS_DWS.FR; APM_GTS_DWS.WKS.FR; APM_GTS.SEC.SCS_PKC; CSM_RBD_CYBERARK.STANDARD.UK.BUSU; APM_L1.SGRF_GED.IGB; APM_L1.SGRF_SGTALK.SGT.L1; CSM_RBD_CYBERARK.STANDARD.FRA.GTS; CSM_RBD_PAS.DVF_ALL; CSM_RBD_CYBERARK.STANDARD.ASIA.GTS; APM_L1.GBTO_REPLAY; AP_GTS_TIB,/orgs/1/sec_policy/draft/label_groups/b95ef6b4-5045-4536-bc5e-9ec757f75446
REGION.ASIA-LGL,loc,,INDIA; CHINA; HONG KONG; JAPAN; KOREA; SINGAPORE; TAIWAN; TURKEY; AUSTRALIA,,INDIA; KOREA; SINGAPORE; TURKEY; AUSTRALIA; CHINA; HONG KONG; JAPAN; TAIWAN,/orgs/1/sec_policy/draft/label_groups/8b05bb50-6870-4dd7-a897-876a0a96a552
KPI_SUB_ENTITY_RESG-GTS.SEC-LGA,app,For KPI calculation purpose. Label group that contain Application Labels part of GTS.SEC Sub-entity,CSM_RBD_SEC.ACS.LDD_ALL; CSM_RBD_SEC.ACS.ID2_ALL; CSM_RBD_SEC.ACS.ID1_ALL; APM_GTS.SEC.STS_DATA4SEC; CSM_RBD_SEC.ACS.LDO_ALL; CSM_RBD_SEC.ACS.IRU_ALL; CSM_RBD_CYBERARK.STANDARD.ASIA.GTS; CSM_RBD_CYBERARK.MVS.ADMIN; CSM_RBD_CYBERARK.PREMIUM.SABA.GTS; CSM_RBD_CYBERARK.MVS.BUSU; APM_GTS_CYBERARK.YOGA.MAINFRAME; CSM_RBD_CYBERARK.STANDARD.FRA.BUSU; CSM_RBD_CYBERARK.STANDARD.GSC.BUSU; SSM_RBD_CYBERARK.AMER; CSM_RBD_CYBERARK.STANDARD.ASIA.BUSU; CSM_RBD_CYBERARK.STANDARD.FRA.GTS; CSM_RBD_CYBERARK.STANDARD.GSC.GTS; CSM_RBD_CYBERARK.PREMIUM.SABA.BUSU; CSM_RBD_CYBERARK.STANDARD.UK.GTS; CSM_RBD_CYBERARK.STANDARD.UK.BUSU; APM_GTS.SEC.STS_ILU; APM_GTS_AD.REMDIATION.PATH; CSM_RBD_SEC.SCS_ALL; CSM_RBD_SEC.ACS.DSI.DMZ; CSM_RBD_SEC.ACS.IHS_ALL; CSM_RBD_SEC.ACS.OFP_ALL; CSM_RBD_SEC.ACS.OUD_ALL; APM_GTS_FLO; APM_GTS.SEC.DVF_AMER.LDO; CSM_SEC_FRA.EJBCA; APM_L3.EJBCA.EUR_CG.EJBCA; APM_L3.GTS.EUR_CG.VAULT.RP.GTS; APM_L3.EJBCA.EUR_CG.CRYPTO; APM_L3.EJBCA.EUR_CG.CMS; APM_GTS.SEC.SCS.EUR_KMP; APM_GTS.SEC.DSS_VARONIS.EMEA; APM_GTS.SEC.DSS_VARONIS.ITIM; APM_GTS.SEC.DSS_VARONIS.CORP; APM_L3.SABA.GTS.REBOUND_SABA.FRA.STS.TOOLING.AK759; APM_GTS.SEC.STS_MYFLOWS; APM_GTS.SEC.SCS_PKC; AP_GTS_ILU; CSM_RBD_CYBERARK.ALERO.GTS; APM_GTS.SEC.SCS_HASHICORP.CP.MYVAULT; CSM_AUTH_AMER.IDM.PLT; CSM_AUTH_ASIA.IDM.PLT; CSM_AUTH_FRA.IDM.PLT; APM_L3.GTS.EUR_ILLUMIO.SM.L3; APM_GTS_L1.HSM.TOOLING; CSM_GTS_DLP.MAIN.DLP; APM_GTS_DLP.MAIL.PREVENT; APM_L3.SABA.GTS.REBOUND_SABA.SEC.ACS.DMS.A7063; APM_GTS.SEC.SCS_PKC.IAAS,,CSM_RBD_CYBERARK.STANDARD.ASIA.BUSU; CSM_RBD_CYBERARK.STANDARD.UK.BUSU; APM_GTS.SEC.STS_ILU; APM_GTS_AD.REMDIATION.PATH; CSM_RBD_CYBERARK.STANDARD.GSC.GTS; APM_GTS.SEC.DSS_VARONIS.CORP; CSM_AUTH_AMER.IDM.PLT; CSM_RBD_SEC.ACS.DSI.DMZ; APM_L3.EJBCA.EUR_CG.EJBCA; CSM_RBD_SEC.ACS.ID1_ALL; APM_GTS.SEC.SCS_PKC; APM_GTS_CYBERARK.YOGA.MAINFRAME; APM_L3.EJBCA.EUR_CG.CMS; CSM_RBD_CYBERARK.STANDARD.ASIA.GTS; CSM_RBD_CYBERARK.MVS.BUSU; CSM_RBD_SEC.ACS.OUD_ALL; APM_GTS.SEC.STS_MYFLOWS; CSM_AUTH_ASIA.IDM.PLT; CSM_AUTH_FRA.IDM.PLT; CSM_GTS_DLP.MAIN.DLP; CSM_RBD_SEC.ACS.ID2_ALL; CSM_RBD_CYBERARK.STANDARD.FRA.BUSU; CSM_RBD_CYBERARK.STANDARD.GSC.BUSU; CSM_RBD_SEC.ACS.IRU_ALL; APM_GTS.SEC.DSS_VARONIS.EMEA; APM_L3.GTS.EUR_ILLUMIO.SM.L3; CSM_RBD_CYBERARK.STANDARD.FRA.GTS; CSM_RBD_SEC.ACS.OFP_ALL; CSM_RBD_CYBERARK.PREMIUM.SABA.GTS; SSM_RBD_CYBERARK.AMER; CSM_RBD_CYBERARK.PREMIUM.SABA.BUSU; CSM_RBD_SEC.SCS_ALL; CSM_RBD_SEC.ACS.IHS_ALL; APM_GTS.SEC.SCS.EUR_KMP; CSM_RBD_CYBERARK.MVS.ADMIN; APM_GTS_L1.HSM.TOOLING; APM_GTS_FLO; CSM_SEC_FRA.EJBCA; CSM_RBD_SEC.ACS.LDD_ALL; APM_GTS.SEC.DSS_VARONIS.ITIM; APM_L3.SABA.GTS.REBOUND_SABA.FRA.STS.TOOLING.AK759; AP_GTS_ILU; APM_GTS.SEC.SCS_HASHICORP.CP.MYVAULT; CSM_RBD_CYBERARK.STANDARD.UK.GTS; APM_L3.EJBCA.EUR_CG.CRYPTO; APM_GTS.SEC.SCS_PKC.IAAS; APM_GTS.SEC.STS_DATA4SEC; APM_L3.SABA.GTS.REBOUND_SABA.SEC.ACS.DMS.A7063; APM_L3.GTS.EUR_CG.VAULT.RP.GTS; CSM_RBD_SEC.ACS.LDO_ALL; APM_GTS.SEC.DVF_AMER.LDO; CSM_RBD_CYBERARK.ALERO.GTS; APM_GTS_DLP.MAIL.PREVENT,/orgs/1/sec_policy/draft/label_groups/a6c39e8c-8fac-46ea-a673-7c715e1af6a8
WORKLOADS_ALL-LGA,app,"Label group for all GCR and RCR apps, core services, shared services, mutualized and Citrix VDI",,WORKLOADS_GCR-LGA;WORKLOADS_RCR-LGA,CSM_RBD_CYBERARK.STANDARD.UK.GTS; CSM_RBD_CYBERARK.STANDARD.FRA.BUSU; CSM_RBD_CYBERARK.MVS.ADMIN; APM_L1.SGRF_MCF.L1; CSM_RBD_IAS.AIX_ALL; CSU_MON_ZABBIX_ALL; CTX_GCR_ONE; CTX_GCR_BCA; AP_GCR_CTG; APM_GTS_LUIGI.DWF.MIGRATION.FACTORY; APM_GTS_DWS.FR; APM_GTS.SEC.SCS_PKC; AP_GCR_NGC; APM_GTS_AIX.INFRA.SERVER.IAS.SYS; CTX_GCR_BIR; CSM_RBD_CYBERARK.STANDARD.ASIA.BUSU; CSM_RBD_CYBERARK.STANDARD.ASIA.GTS; CSM_RBD_CYBERARK.PREMIUM.SABA.GTS; SS_LB_CLOUD_SGSS_GCR; APM_GTS.SEC.STS_ILU; APM_L1.SGRF_CRISTAL.PFP.ELAPS; AP_RCR_JDM; AP_RCR_ELO; APM_L1.SGRF_GED.GBQ; CTX_GCR_NGC; APM_L3.GBTO.EUR_CG.X.ONE.CL.EUR; AP_RCR_DRP; CSM_SEC_SGCONNECT.L1; APM_L1.SGRF_SGTALK.MNR.L1; CSM_BCK_FRA.NETWORKER; MUT_GCR_ORACLE; AP_GCR_SOX; MUT_GCR_MQ; AP_GCR_GDT; AP_GCR_TPR; CSM_DEP_FRA.SCCM.CORP; CSM_RBD_CYBERARK.STANDARD.FRA.GTS; APM_L1.SGRF_GED.ACV.L1; CSM_RBD_SEC.ACS.LDD_ALL; APM_GTS_DWS.WKS.FR; AP_RCR_GED.GCG; APM_L1.SGRF_SGTALK.VOX.L1; APM_RCR_IFIMM.INFOCENTRE; CSU_STO_NFS.SYS.USER_ALL; AP_GCR_APD; APM_L1.GBTO_X.ONE.L1; APM_GCR_OIB; APM_L3.GBTO_CASH.EUROPE; CSM_RBD_CYBERARK.PREMIUM.SABA.BUSU; APM_L3.GTS.EUR_ILLUMIO.SM.L3; MUT_GCR_TIBBW; APM_GTS.SEC.STS_MYFLOWS; AP_GCR_GCA; CSM_BCK_FRA.NETWORKER.GSC; APM_RCR_LOAN.COMPLIANCE; AP_GCR_MTX; APM_L1.GBTO_REPLAY; APM_L1.SGRF_SGTALK.SGT.L1; APM_RCR_TDP; AP_GTS_TIB; CSM_RBD_PAS.BDT_ALL; APM_GTS.SEC.DSS_VARONIS.EMEA; AP_GCR_PEA; APM_L1.GBTO_HIGHWAY; AP_GCR_ENT; APM_L1.GBTO_ELIOT.L1; APM_GTS.SEC.DSS_VARONIS.CORP; CSM_RBD_IAS.WINDOWS_ALL; AP_GCR_RNE; APM_GCR_SIB; CSM_SEC_SEPM.GSC; CSM_RBD_SEC.ACS.OFP_ALL; AP_GCR_SLA; APM_RCR_APM.MUT; APM_GTS.SEC.SCS_PKC.IAAS; APM_L1.SGRF_GED.GBX; AP_GCR_KYC; AP_GCR_IDT; APM_L1.GBTO_EOLE.ALISE.GATE.L1; APM_GTS_CYBERARK.YOGA.MAINFRAME; CTX_GCR_COMMON_DESKTOP-AG; APM_RCR_CIRCULARISATION.PM; CSM_RBD_SEC.ACS.OUD_ALL; CTX_GCR_SITI-AG; CSM_RBD_IAS.LINUX_ALL; CSM_NET_FRA.PEPSY.ROUGE.DHCP; CSM_RBD_CYBERARK.STANDARD.UK.BUSU; APM_RCR_PUMA.BDDF; AP_GTS_NTS; AP_GCR_CPL; CSM_SEC_SEPM.WW; APM_L1.SGRF_GED.GBA; APM_L1.SGRF_SGTALK.DIG.L1; APM_GTS_AD.REMDIATION.PATH; APM_L1.GBTO_GL.APF.L1; APM_RCR_IFL; APM_GTS.SEC.DSS_VARONIS.ITIM; APM_L1.SGRF_GED.IGB; AP_GCR_GP3_OLD; APM_L1.SGRF_GED.ACA.L1; SS_BASTION_PAACTWIN_GCR; AP_GCR_DFP; AP_RCR_AMD; AP_GCR_DRW; APM_L3.GBTO.EUR_CG.X.ONE.CL.EUR.IAAS; AP_GCR_B2CH_OLD; AP_GCR_NXS; SS_ITECARC_XLDEPLOY_GCR; CST_DEP_HPSA_ALL_EAO-A7010-PRD.A7010; CSM_GTS_FRA.NDG.MASTERING.INFRA; AP_GCR_GP3; APM_GCR_M1F; APM_L1.GBTO_LOAN.IQ; APM_L1.SGRF_ETECE; APM_GCR_PFI; APM_GCR_PTF; AP_GCR_BCTA_OLD; CSM_NET_DHCP.NDQ.GSC; CSM_GTS_IAS.SBS.LINUX; APM_L1.SGRF_VIREMENTS.UNIFIES; CSM_RBD_PAS.DVF_ALL; APT_SDS_NONPRD; CSM_RBD_CYBERARK.STANDARD.GSC.GTS; CSM_RBD_CYBERARK.STANDARD.GSC.BUSU; APM_RCR_IPI; APM_RCR_SVX; AP_GTS_A2S; CSM_RBD_OPM.MOS_ALL,/orgs/1/sec_policy/draft/label_groups/afe573d5-453f-4b0c-a041-0c37552f711b
SS_RCR-LGA,app,Shared services for RCR,,SS_ALL-LGA,,/orgs/1/sec_policy/draft/label_groups/295dd5ee-2e49-4384-9085-6d6d56392e02
CTX_RCR-LGA,app,Citrix VDI for RCR,,,,/orgs/1/sec_policy/draft/label_groups/8a32466c-3a4b-42d2-a116-6f75e54a3013
MUT_RCR-LGA,app,Mutualized services for RCR,,,,/orgs/1/sec_policy/draft/label_groups/526839fb-2e6a-4317-9abe-43c2726db6a0
KPI_PROGRAM_LUTTI-LGA,app,Import Label group through workloader,,,,/orgs/1/sec_policy/draft/label_groups/c33c850a-e3e8-4fb4-b08d-47884aeb1b8d
KPI_SUB_ENTITY_GBIS-GBSU.CIO-LGA,app,,APM_L3.GBTO.EUR_CG.MAESTRO; APM_L3.GBTO.EUR_CG.MAESTRO.IAAS,,APM_L3.GBTO.EUR_CG.MAESTRO; APM_L3.GBTO.EUR_CG.MAESTRO.IAAS,/orgs/1/sec_policy/draft/label_groups/bb712683-3a75-450b-bc11-c30d27f4ac02
LUIGI_ALL-LGA,app,LUIGI label group for the three entities,,LUIGI_SGSN-LGA;LUIGI_SGEF.PL-LGA;LUIGI_SGEF.IT-LGA,APM_AFMO_SGSN.BANQUEPRIVEE.N86; APM_IBFS_SGEF.PL.WEBCON.EGH; APM_IBFS_SGEF.PL.EGERIA.EGI; APM_AFMO_SGSN.SOGESGL.N68; APM_AFMO_SGSN.DPWORLD.N80; APM_AFMO_SGSN.HATARI.N87; APM_AFMO_SGSN.IMAGES.CHEQUES.N92; APM_IBFS_SGEF.PL.CD3.EGJ; APM_IBFS_SGEF.IT.WINTIME.WTM; APM_AFMO_SGSN.DOCUBASE.N90; APM_AFMO_SGSN.KCP.N91; APM_IBFS_SGEF.IT.ACROS.AOS; APM_AFMO_SGSN.LOCOMOTIV.N71; APM_AFMO_SGSN.MERCI.N63; APM_AFMO_SGSN.SAFECLEAR.N64; APM_IBFS_SGEF.IT.TASKIT.TAT; APM_IBFS_SGEF.IT.BOARD.GIB,/orgs/1/sec_policy/draft/label_groups/ced27d57-9519-4ce5-9021-8252a3d0c424
LUIGI_SGSN-LGA,app,LUIGI label group for SGSN entity (Senegal),APM_AFMO_SGSN.LOCOMOTIV.N71; APM_AFMO_SGSN.MERCI.N63; APM_AFMO_SGSN.SOGESGL.N68; APM_AFMO_SGSN.SAFECLEAR.N64; APM_AFMO_SGSN.DPWORLD.N80; APM_AFMO_SGSN.HATARI.N87; APM_AFMO_SGSN.BANQUEPRIVEE.N86; APM_AFMO_SGSN.DOCUBASE.N90; APM_AFMO_SGSN.KCP.N91; APM_AFMO_SGSN.IMAGES.CHEQUES.N92,,APM_AFMO_SGSN.SAFECLEAR.N64; APM_AFMO_SGSN.LOCOMOTIV.N71; APM_AFMO_SGSN.MERCI.N63; APM_AFMO_SGSN.SOGESGL.N68; APM_AFMO_SGSN.DPWORLD.N80; APM_AFMO_SGSN.HATARI.N87; APM_AFMO_SGSN.BANQUEPRIVEE.N86; APM_AFMO_SGSN.DOCUBASE.N90; APM_AFMO_SGSN.KCP.N91; APM_AFMO_SGSN.IMAGES.CHEQUES.N92,/orgs/1/sec_policy/draft/label_groups/90a3808a-3617-4717-be3d-a3bbdcfa9e4b
WORKLOADS_AMER-LGA,app,Contains all Applications that have managed workloads in REGION = AMER,,WORKLOADS_AMER.USA-LGA,SSM_RBD_CYBERARK.AMER; CSM_ADMIN_IAS.LINUX_ALL; CSM_RBD_IAS.WINDOWS_ALL,/orgs/1/sec_policy/draft/label_groups/19df7778-6d39-419b-b7c9-c993a34a2363
TST-MYFLOWS-DEV,app,"AFH : 09/11/2023
LAbel Group created for myflows development needs",,,,/orgs/1/sec_policy/draft/label_groups/58901918-59f8-4fc6-98eb-7be857c7c479
SS_ALL-LGA,app,,,,,/orgs/1/sec_policy/draft/label_groups/cf72870f-8481-4621-a299-1a0db83f8364
KPI_ENTITY_RETAIL-LGA,app,For KPI calculation purpose. Label Group that contain sub-label groups of RETAIL entity,,KPI_SUB_ENTITY_RETAIL-ITIM.JVM-LGA;KPI_SUB_ENTITY_RETAIL-ITIM.DSR-LGA;KPI_SUB_ENTITY_RETAIL-ITIM.ASR-LGA;KPI_SUB_ENTITY_RETAIL-ITIM.CSR-LGA,APM_L3.SWIFT.EUR_CG.SWIFT.SWING; AP_RCR_DRP; APM_L3.SGRF.EUR_CG.GED.IGB.IAAS; APM_RCR_IPI; APM_L1.SGRF_SGTALK.SGT.L1; APM_L3.SWIFT.EUR_CG.SWIFT.SFAP; APM_L3.SWIFT.EUR_CG.SWIFT.STARS; APM_L3.SGRF.EUR_CG.GED.GBA; APM_RCR_SVX; APM_L3.SGRF.EUR_CG.SGTALK.VOX; APM_L1.SWIFT_SWIFT.SWING.L1; APM_L3.SWIFT.EUR_CG.SWIFT.AGI; APM_L1.SGRF_SGTALK.DIG.L1; APM_L3.SWIFT.EUR_CG.SWIFT.SAG; APM_RCR_LOAN.COMPLIANCE; APM_L3.SGRF.EUR_CG.SGTALK.MNR; APM_L1.SWIFT_SFAP; APM_L1.SGRF_GED.GBA; APM_RCR_IFL; APM_L3.SGRF.EUR_CG.GED.IGB; APM_L1.SWIFT_SWIFT.STARS.L1; APM_L3.SWIFT.EUR_CG.SWIFT.INTIX; APM_L3.SGRF.EUR_CG.GED.GCB; Decom_APM_L1.SGRF_URTA; APM_L1.SGRF_GED.GBQ; AP_RCR_GED.GCG; APM_L3.SGRF.EUR_CG.GED.GBQ.IAAS; APM_L3.SWIFT.EUR_CG.SWIFT.AWP; APM_L3.SGRF.EUR_CG.GED.GBX; APM_RCR_APM.MUT; APM_L1.SGRF_GED.ACV.L1; APM_L1.SGRF_VIREMENTS.UNIFIES; APM_L3.SGRF.EUR_CG.VIREMENTS.UNIFIES; APM_L1.SGRF_GRC.L1; APM_L1.SGRF_CRISTAL.PFP.ELAPS; APM_L1.SGRF_ETECE; APM_L3.SGRF.EUR_CG.ETECE.IAAS; APM_L1.SGRF_SGTALK.MNR.L1; APM_L3.SGRF_URTA; APM_L3.SGRF.EUR_CG.SGTALK.DIG; APM_L1.SWIFT_SAG; APM_L3.SGRF.EUR_CG.GED.GBX.IAAS; APM_RCR_PUMA.BDDF; APM_L3.SGRF.EUR_CG.SGTALK.SGT; APM_L3.SGRF.EUR_CG.NAUPLIE; APM_L1.SGRF_GED.IGB; APM_RCR_IFIMM.INFOCENTRE; APM_L1.SGRF_MCF.L1; APM_L3.SWIFT.EUR_CG.SWIFT.MIW; AP_RCR_AMD; AP_RCR_ELO; APM_L3.SGRF.EUR_CG.GRC; APM_L3.SGRF.EUR_CG.ALISE.AIGUILLEUR; APM_L1.SGRF_GED.GBX; APM_L3.SGRF.EUR_CG.GED.GCG; APM_L1.SGRF_GED.ACA.L1; APM_L3.SGRF.EUR_CG.GED.ACV; APM_RCR_CIRCULARISATION.PM; APM_L3.SWIFT.EUR_CG.SWIFT.SCS; APM_L3.SGRF.EUR_CG.GED.ACA; APM_L3.SGRF.EUR_CG.GED.GBQ; APM_L1.SGRF_SGTALK.VOX.L1; APM_L3.SGRF.EUR_CG.CRISTAL.PFP.ELAPS; APM_L3.SGRF.EUR_CG.ETECE; APM_L3.SGRF.EUR_CG.MCF,/orgs/1/sec_policy/draft/label_groups/dff5bb39-68ff-4625-8a23-da89ff807107
KPI_SUB_ENTITY_RESG-GTS.RCR-LGA,app,,CSM_MGT_FRA.ADMIN.INFRA.MAINFRAME.SAIZ; APM_L3.SABA.GTS.REBOUND_SABA.RCR.CCI.A7295; APM_L3.SABA.GTS.REBOUND_SABA.RCR.DBA.A7295; APM_L3.SABA.GTS.REBOUND_SABA.RCR.PFM.A7295; APM_L3.SABA.GTS.REBOUND_SABA.RCR.TRS.A7295; APM_L3.SABA.GTS.REBOUND_SABA.RCR.ZTT.A7295,,APM_L3.SABA.GTS.REBOUND_SABA.RCR.TRS.A7295; APM_L3.SABA.GTS.REBOUND_SABA.RCR.ZTT.A7295; CSM_MGT_FRA.ADMIN.INFRA.MAINFRAME.SAIZ; APM_L3.SABA.GTS.REBOUND_SABA.RCR.CCI.A7295; APM_L3.SABA.GTS.REBOUND_SABA.RCR.DBA.A7295; APM_L3.SABA.GTS.REBOUND_SABA.RCR.PFM.A7295,/orgs/1/sec_policy/draft/label_groups/8346f6f0-7663-4d40-b6b6-fa1206ee913b
WORKLOADS_AMER.USA-LGA,app,Contains all Applications that have managed workloads in Country = USA for REGION = AMER,,CSM_AMER.USA-LGA;AP_AMER.USA-LGA,SSM_RBD_CYBERARK.AMER; CSM_ADMIN_IAS.LINUX_ALL; CSM_RBD_IAS.WINDOWS_ALL,/orgs/1/sec_policy/draft/label_groups/ed95631a-86fd-4a27-ae36-6f1b1d4f45a1
KPI_ENTITY_AFMO-LGA,app,For KPI calculation purpose. Label Group that contain sub-label groups of AFMO entity,,KPI_SUB_ENTITY_AFMO-SGSN-LGA,APM_AFMO_SGSN.MERCI.N63; APM_AFMO_SGSN.IMAGES.CHEQUES.N92; APM_AFMO_SGSN.DOCUBASE.N90; APM_AFMO_SGSN.DPWORLD.N80; APM_AFMO_SGSN.BANQUEPRIVEE.N86; APM_AFMO_SGSN.LOCOMOTIV.N71; APM_AFMO_SGSN.SOGESGL.N68; APM_AFMO_SGSN.KCP.N91; APM_AFMO_SGSN.HATARI.N87; APM_AFMO_SGSN.SAFECLEAR.N64,/orgs/1/sec_policy/draft/label_groups/bc59910a-7a0e-4cd7-a5ce-535ce0af72c1
MUT_GCR-LGA,app,Mutualized services for GCR applications,MUT_GCR_TIBBW; CSU_STO_NFS.SYS.USER_ALL; MUT_GCR_ORACLE; MUT_GCR_MQ,,CSU_STO_NFS.SYS.USER_ALL; MUT_GCR_ORACLE; MUT_GCR_MQ; MUT_GCR_TIBBW,/orgs/1/sec_policy/draft/label_groups/9220446b-a636-47bc-9144-0cbef9b33b4e
KPI_ALL_TEST-LGA,app,"Label Group used Test Application Labels, used for statistics",AP_TEST_ADMIN.L3; AP_TEST_CARTO; TMP_APP; AP_TEST_ILU; TST_GTS_ILU,,AP_TEST_ADMIN.L3; AP_TEST_CARTO; TMP_APP; AP_TEST_ILU; TST_GTS_ILU,/orgs/1/sec_policy/draft/label_groups/b324b569-c236-4047-a71c-7ddae1d79990
KPI_ENTITY_IBFS-LGA,app,For KPI calculation purpose. Label Group that contain sub-label groups of IBFS entity,,KPI_SUB_ENTITY_IBFS-SGEF.PL-LGA;KPI_SUB_ENTITY_IBFS-SGEF.IT-LGA,APM_IBFS_SGEF.IT.TASKIT.TAT; APM_IBFS_SGEF.IT.BOARD.GIB; APM_IBFS_SGEF.IT.ACROS.AOS; APM_IBFS_SGEF.PL.WEBCON.EGH; APM_IBFS_SGEF.PL.CD3.EGJ; APM_IBFS_SGEF.PL.EGERIA.EGI; APM_IBFS_SGEF.IT.WINTIME.WTM,/orgs/1/sec_policy/draft/label_groups/f4871975-bc54-458e-9a71-6a5466007c36
KPI_PROGRAM_PAM-LGA,app,Import Label group through workloader,APM_GTS_AD.REMDIATION.PATH; APM_GTS_DWS.FR; APM_GTS_DWS.WKS.FR,,APM_GTS_AD.REMDIATION.PATH; APM_GTS_DWS.FR; APM_GTS_DWS.WKS.FR,/orgs/1/sec_policy/draft/label_groups/895dc56a-ab17-4aba-bfed-d410adc724c2
KPI_SUB_ENTITY_AFMO-SGSN-LGA,app,For KPI calculation purpose. Label group that contain Application Labels part of SGSN Sub-entity,APM_AFMO_SGSN.LOCOMOTIV.N71; APM_AFMO_SGSN.MERCI.N63; APM_AFMO_SGSN.SOGESGL.N68; APM_AFMO_SGSN.KCP.N91; APM_AFMO_SGSN.IMAGES.CHEQUES.N92; APM_AFMO_SGSN.DOCUBASE.N90; APM_AFMO_SGSN.DPWORLD.N80; APM_AFMO_SGSN.HATARI.N87; APM_AFMO_SGSN.BANQUEPRIVEE.N86; APM_AFMO_SGSN.SAFECLEAR.N64,,APM_AFMO_SGSN.DPWORLD.N80; APM_AFMO_SGSN.BANQUEPRIVEE.N86; APM_AFMO_SGSN.IMAGES.CHEQUES.N92; APM_AFMO_SGSN.DOCUBASE.N90; APM_AFMO_SGSN.SOGESGL.N68; APM_AFMO_SGSN.KCP.N91; APM_AFMO_SGSN.HATARI.N87; APM_AFMO_SGSN.SAFECLEAR.N64; APM_AFMO_SGSN.LOCOMOTIV.N71; APM_AFMO_SGSN.MERCI.N63,/orgs/1/sec_policy/draft/label_groups/64035948-d827-4582-a9cc-2be0e07b5c58
WORKLOADS_IAS.AIX-LGA,app,Label Group Application Labels corresponding to IAS AIX workloads.,CSM_RBD_IAS.AIX_ALL,,CSM_RBD_IAS.AIX_ALL,/orgs/1/sec_policy/draft/label_groups/bf0e4e02-af98-40bb-9db2-373f2e83b8c3
KPI_STRATEGY_TEST-LGA,app,Import Label group through workloader,TMP_APP; AP_TEST_CARTO; AP_TEST_ADMIN.L3,,TMP_APP; AP_TEST_CARTO; AP_TEST_ADMIN.L3,/orgs/1/sec_policy/draft/label_groups/923a0f86-340a-4431-9927-ea2b3e19d10b
KPI_PROGRAM_UNMANAGED-LGA,app,Import Label group through workloader,CSU_MON_ZABBIX_ALL,,CSU_MON_ZABBIX_ALL,/orgs/1/sec_policy/draft/label_groups/855f2faa-0ffe-449e-859f-188d210c5f99
KPI_STRATEGY_UNMANAGED-LGA,app,Import Label group through workloader,,,,/orgs/1/sec_policy/draft/label_groups/81abca56-0934-453c-a9b6-0d64cacdf50e
KPI_PROGRAM_BCE.RECO.8.CG.HARIBO-LGA,app,LG including all the Application Labels of Critical Group Applications that are also part of Haribo Program,APM_L1.GBTO_X.ONE.L1; APM_L3.SGRF.EUR_CG.ALISE.AIGUILLEUR; APM_L1.GBTO_EOLE.ALISE.GATE.L1; Decom_APM_L1.SGRF_URTA; APM_L1.SGRF_CRISTAL.PFP.ELAPS; APM_L1.SGRF_ETECE; APM_L1.SGRF_MCF.L1; APM_L3.GBTO.EUR_CG.X.ONE.EUR; APM_L3.GBTO.ASIA_CG.X.ONE.ASIA; APM_L3.GBTO.EUR_CG.EOLE.ALISE.GATE; APM_L3.SGRF.EUR_CG.ETECE; APM_L3.SGRF.EUR_CG.CRISTAL.PFP.ELAPS; APM_L3.SGRF.EUR_CG.MCF; APM_L3.GBTO.EUR_CG.X.ONE.CL.EUR; APM_GBTO_CG.NG.OIB; APM_L3.GBTO.EUR_AIRFLOW.CG.X.ONE.EUR; APM_L3.SGRF.EUR_CG.ETECE.IAAS; APM_L3.GBTO.EUR_AIRFLOW.CG.X.ONE.EUR.IAAS; APM_L3.GBTO.EUR_CG.X.ONE.EUR.IAAS; APM_L3.GBTO.EUR_CG.EOLE.ALISE.GATE.IAAS; APM_L3.GBTO.EUR_CG.X.ONE.CL.EUR.IAAS,,APM_L3.GBTO.EUR_CG.EOLE.ALISE.GATE; APM_L3.SGRF.EUR_CG.CRISTAL.PFP.ELAPS; APM_GBTO_CG.NG.OIB; APM_L3.SGRF.EUR_CG.ETECE.IAAS; APM_L1.SGRF_CRISTAL.PFP.ELAPS; APM_L3.SGRF.EUR_CG.MCF; APM_L3.GBTO.EUR_CG.X.ONE.EUR.IAAS; APM_L3.GBTO.EUR_CG.X.ONE.CL.EUR.IAAS; APM_L3.GBTO.EUR_AIRFLOW.CG.X.ONE.EUR; APM_L3.GBTO.EUR_AIRFLOW.CG.X.ONE.EUR.IAAS; APM_L3.SGRF.EUR_CG.ALISE.AIGUILLEUR; APM_L1.SGRF_MCF.L1; APM_L3.GBTO.EUR_CG.X.ONE.EUR; APM_L3.GBTO.ASIA_CG.X.ONE.ASIA; APM_L3.SGRF.EUR_CG.ETECE; APM_L3.GBTO.EUR_CG.X.ONE.CL.EUR; APM_L3.GBTO.EUR_CG.EOLE.ALISE.GATE.IAAS; APM_L1.GBTO_X.ONE.L1; APM_L1.GBTO_EOLE.ALISE.GATE.L1; Decom_APM_L1.SGRF_URTA; APM_L1.SGRF_ETECE,/orgs/1/sec_policy/draft/label_groups/878b5fde-6850-43ac-88b0-bb4e43715925
CS_MC-LGA,app,Label group for core services in Monaco perimeter,,,,/orgs/1/sec_policy/draft/label_groups/8ccb2697-9825-4613-b3ef-937c24254e55
AP_MC-LGA,app,Label group for all application in Monaco perimeter,,,,/orgs/1/sec_policy/draft/label_groups/7689fbeb-7868-41b1-b96e-8065554ad69b
KPI_PROGRAM_TEST-LGA,app,Import Label group through workloader,TMP_APP; AP_TEST_CARTO; AP_TEST_ADMIN.L3,,TMP_APP; AP_TEST_CARTO; AP_TEST_ADMIN.L3,/orgs/1/sec_policy/draft/label_groups/81ea8bcf-0f48-4bd5-8ec5-57591c72f2fb
CS_RCR-LGA,app,Core services on RCR,CSM_NET_DHCP.NDQ.GSC,CS_ALL-LGA,CSM_GTS_FRA.NDG.MASTERING.INFRA; CSM_RBD_IAS.AIX_ALL; CSM_GTS_IAS.SBS.LINUX; CSM_RBD_CYBERARK.STANDARD.ASIA.BUSU; CSM_RBD_CYBERARK.STANDARD.FRA.GTS; CSM_NET_DHCP.NDQ.GSC; CSM_RBD_CYBERARK.STANDARD.UK.GTS; CSM_RBD_IAS.LINUX_ALL; CSM_RBD_CYBERARK.STANDARD.FRA.BUSU; CSM_RBD_CYBERARK.STANDARD.GSC.BUSU; CSU_MON_ZABBIX_ALL; CSM_RBD_CYBERARK.PREMIUM.SABA.GTS; CSM_RBD_IAS.WINDOWS_ALL; CTX_GCR_COMMON_DESKTOP-AG; CSM_SEC_SGCONNECT.L1; CSM_SEC_SEPM.GSC; CSM_RBD_CYBERARK.STANDARD.UK.BUSU; CSM_RBD_CYBERARK.STANDARD.ASIA.GTS; CSM_RBD_CYBERARK.PREMIUM.SABA.BUSU; CSM_NET_FRA.PEPSY.ROUGE.DHCP; CSM_DEP_FRA.SCCM.CORP; CSM_SEC_SEPM.WW; CSM_RBD_CYBERARK.STANDARD.GSC.GTS,/orgs/1/sec_policy/draft/label_groups/f709bfe3-f6cb-43a7-8830-7f85d81b4e1a
ALL_BUT_PROD-LGE,env,All environments but production (NON - PROD in FRENCH),ASB2; HOM5; UAT; HOM1; HOM2; DEV; HOM4; HOM3; INT1; ASB1,,ASB2; HOM5; UAT; DEV; HOM4; HOM1; HOM2; HOM3; INT1; ASB1,/orgs/1/sec_policy/draft/label_groups/066e61e5-b636-439f-a6a5-b9b61054edf5
CTX_GCR-LGA,app,Citrix VDI on GCR,CTX_GCR_SITI-AG; CTX_GCR_ONE; CTX_GCR_NGC; CTX_GCR_BIR; CTX_GCR_BCA; CTX_GCR_COMMON_DESKTOP-AG,,CTX_GCR_BIR; CTX_GCR_BCA; CTX_GCR_COMMON_DESKTOP-AG; CTX_GCR_SITI-AG; CTX_GCR_ONE; CTX_GCR_NGC,/orgs/1/sec_policy/draft/label_groups/61be7b4b-35c0-4d64-86c3-f5135d99026f
KPI_SUB_ENTITY_RESG-GTS.OPM-LGA,app,For KPI calculation purpose. Label group that contain Application Labels part of GTS.OPM Sub-entity,CSM_BATCH_FRA.CONTROLM.BDDF; CSM_RBD_OPM.MOS_ALL; APM_GTS_CG.FRA.AUTOSYS; APM_L3.SABA.GTS.REBOUND_SABA.OPM.OPT.AK674; APM_GTS_CG.FRA.AUTOSYS.IAAS; CSM_BATCH_FRA.CONTROLM.BDDF.IAAS,,CSM_BATCH_FRA.CONTROLM.BDDF.IAAS; CSM_BATCH_FRA.CONTROLM.BDDF; CSM_RBD_OPM.MOS_ALL; APM_GTS_CG.FRA.AUTOSYS; APM_L3.SABA.GTS.REBOUND_SABA.OPM.OPT.AK674; APM_GTS_CG.FRA.AUTOSYS.IAAS,/orgs/1/sec_policy/draft/label_groups/684a915b-66b9-428f-911f-92247a9ec3f3
KPI_PROGRAM_SEC.DVF.SNOW4REGION-LGA,app,Label Group for Applications managed in SNOW4REGION Prgram then moved to SEC.DVF Program,SSM_RBD_CYBERARK.AMER; CSM_RBD_CYBERARK.STANDARD.ASIA.BUSU; CSM_RBD_CYBERARK.STANDARD.ASIA.GTS; CSM_RBD_CYBERARK.STANDARD.FRA.GTS; CSM_RBD_CYBERARK.STANDARD.GSC.BUSU; CSM_RBD_CYBERARK.STANDARD.GSC.GTS; CSM_RBD_CYBERARK.PREMIUM.SABA.BUSU; CSM_RBD_CYBERARK.PREMIUM.SABA.GTS; CSM_RBD_CYBERARK.STANDARD.UK.BUSU; CSM_RBD_CYBERARK.STANDARD.UK.GTS; CSM_RBD_CYBERARK.STANDARD.FRA.BUSU,,CSM_RBD_CYBERARK.STANDARD.UK.GTS; SSM_RBD_CYBERARK.AMER; CSM_RBD_CYBERARK.STANDARD.ASIA.BUSU; CSM_RBD_CYBERARK.STANDARD.ASIA.GTS; CSM_RBD_CYBERARK.STANDARD.GSC.BUSU; CSM_RBD_CYBERARK.PREMIUM.SABA.BUSU; CSM_RBD_CYBERARK.STANDARD.FRA.GTS; CSM_RBD_CYBERARK.STANDARD.GSC.GTS; CSM_RBD_CYBERARK.PREMIUM.SABA.GTS; CSM_RBD_CYBERARK.STANDARD.UK.BUSU; CSM_RBD_CYBERARK.STANDARD.FRA.BUSU,/orgs/1/sec_policy/draft/label_groups/f03b5ce7-ad8e-471a-b976-5cdb89836f35
KPI_SUB_ENTITY_RESG-GTS.IAS-LGA,app,For KPI calculation purpose. Label group that contain Application Labels part of GTS.IAS Sub-entity,CSM_SYS_WW.PUPPET.AAS; CSM_NET_DNS.INFRASTRUCTUR; CSM_DEP_MASTER.UNIX.SATELLITE.CAPSULES; CSM_MON_MS.WIN.CORE.INFRA.MARACIAAS; CSM_NET_DHCP.NDQ.GSC; CSM_BCK_FRA.NETWORKER.GSC; CSM_BCK_FRA.NETWORKER; CSM_RBD_IAS.WINDOWS_ALL; CSM_RBD_IAS.LINUX_ALL; CSM_RBD_IAS.AIX_ALL; CSM_RBD_PAS.MDW.CTN_ALL; CSM_BCK_FRA.TSM.RBDF; CSM_SYS_SSHKIT.SSK; CSU_GTS_PPAAS_ALL; CSM_BCK_FRA.NETWORKER.2; CSM_BCK_VERITAS.NETBACKUP; CSM_STO-NAS_1332_DEV-NAS.SERVERS; APM_GTS_NAS.SERVERS; APM_GTS_AIX.INFRA.SERVER.IAS.SYS; APM_GTS_FRA.GWIM.GLOBAL.WINDOWS.MASTER; CSM_SYS-UNX_396246_PRD-UNIX.CORE.INFRA; APM_GTS_MS.WINDOWS.INFRASTRUCTURE; CSM_SYS_UNIX.SERVER; CSM_SYS_VIRTUAL.MACHINE.SERVER.MEDIUM; CSM_SYS-NTS_1326_DEV-WINDOWS.CORE.INFRA; CSM_ADMIN_IAS.LINUX_ALL; CSM_SYS-WUM-WW.UNIX.MASTER; CSM_ADMIN_IAS.WINDOWS_ALL; CSM_GTS_IAS.SBS.LINUX; CSM_L3.SABA.IAS_SABA.IAS.CTS.HPS.AK754; APM_L3.SABA.IAS_SABA.IAS.CTS.HPS.GRID.D0339; APM_L3.SABA.IAS_SABA.IAS.CTS.OCS.A7961; CSM_L3.SABA.IAS_SABA.IAS.CTS.VPS.A7323; APM_L3.SABA.IAS.ASIA_SABA.IAS.ASIA.SBS.A7796; APM_L3.SABA.IAS_SABA.IAS.SYS.AK634; APM_L3.SABA.GTS.REBOUND_SABA.CFT.IREVENUE; APM_L3.SABA.ADMIN.SCALITY_SABA.ADMIN.SCALITY.SBS.A7960; APM_L3.SABA.GTS.REBOUND_SABA.EMEA.POL.AK231; APM_L3.SABA.IAS.ASIA_SABA.IAS.ASIA.OCS.A7963; CSM_L3.SABA.IAS_SABA.IAS.SYS.A7733; APM_L3.SABA.GTS_SABA.EMEA.ITALY.SPA; APM_GTS_OBJECT.STORAGE.RP.LOW.AMER; APM_L3.SABA.IAS_SABA.IAS.SBS.AK500; CSM_L3.SABA.IAS.ASIA_SABA.IAS.ASIA.SYS.MTV,,APM_GTS_MS.WINDOWS.INFRASTRUCTURE; APM_L3.SABA.IAS_SABA.IAS.CTS.HPS.GRID.D0339; CSM_L3.SABA.IAS_SABA.IAS.SYS.A7733; APM_GTS_OBJECT.STORAGE.RP.LOW.AMER; CSM_RBD_IAS.AIX_ALL; CSM_BCK_FRA.NETWORKER.2; APM_GTS_NAS.SERVERS; APM_GTS_FRA.GWIM.GLOBAL.WINDOWS.MASTER; APM_L3.SABA.ADMIN.SCALITY_SABA.ADMIN.SCALITY.SBS.A7960; CSM_DEP_MASTER.UNIX.SATELLITE.CAPSULES; CSM_STO-NAS_1332_DEV-NAS.SERVERS; CSM_BCK_FRA.NETWORKER.GSC; CSM_RBD_IAS.WINDOWS_ALL; CSM_RBD_IAS.LINUX_ALL; CSM_SYS-UNX_396246_PRD-UNIX.CORE.INFRA; CSM_SYS-NTS_1326_DEV-WINDOWS.CORE.INFRA; APM_L3.SABA.IAS_SABA.IAS.CTS.OCS.A7961; CSM_SYS_WW.PUPPET.AAS; CSM_MON_MS.WIN.CORE.INFRA.MARACIAAS; CSM_L3.SABA.IAS_SABA.IAS.CTS.VPS.A7323; CSM_L3.SABA.IAS.ASIA_SABA.IAS.ASIA.SYS.MTV; CSM_BCK_VERITAS.NETBACKUP; CSM_SYS_VIRTUAL.MACHINE.SERVER.MEDIUM; CSM_ADMIN_IAS.WINDOWS_ALL; APM_L3.SABA.IAS.ASIA_SABA.IAS.ASIA.OCS.A7963; CSM_SYS_SSHKIT.SSK; CSU_GTS_PPAAS_ALL; CSM_SYS-WUM-WW.UNIX.MASTER; CSM_L3.SABA.IAS_SABA.IAS.CTS.HPS.AK754; APM_L3.SABA.IAS.ASIA_SABA.IAS.ASIA.SBS.A7796; APM_L3.SABA.IAS_SABA.IAS.SYS.AK634; APM_L3.SABA.GTS.REBOUND_SABA.EMEA.POL.AK231; CSM_NET_DHCP.NDQ.GSC; APM_GTS_AIX.INFRA.SERVER.IAS.SYS; CSM_SYS_UNIX.SERVER; APM_L3.SABA.GTS.REBOUND_SABA.CFT.IREVENUE; APM_L3.SABA.IAS_SABA.IAS.SBS.AK500; CSM_RBD_PAS.MDW.CTN_ALL; CSM_BCK_FRA.TSM.RBDF; CSM_ADMIN_IAS.LINUX_ALL; CSM_GTS_IAS.SBS.LINUX; APM_L3.SABA.GTS_SABA.EMEA.ITALY.SPA; CSM_NET_DNS.INFRASTRUCTUR; CSM_BCK_FRA.NETWORKER,/orgs/1/sec_policy/draft/label_groups/2a3c0630-1bcb-4732-a704-e091621985ce
L3.GBTO.AMER.UAT-LGE,env,,UAT,,UAT,/orgs/1/sec_policy/draft/label_groups/2fc0a9e7-6494-4d2c-b8a3-2ad23dd52a27
L3.GTS.EUR-LGA,app,,APM_L3.GTS.EUR_CG.VAULT.RP.GTS; APM_GTS.SEC.SCS.EUR_KMP; APM_L3.SABA.GTS_SABA.GTS.SEC.ACS.IRU,,APM_L3.GTS.EUR_CG.VAULT.RP.GTS; APM_GTS.SEC.SCS.EUR_KMP; APM_L3.SABA.GTS_SABA.GTS.SEC.ACS.IRU,/orgs/1/sec_policy/draft/label_groups/e13c5d6c-10be-4ee3-bf2e-9d11196e06e9
KPI_BUILD_READY.TO.PROTECT-LGA,app,"For following up protection life cycle during Build Phase, Application Label shall be included inside this LGA when rule validation is finished and application is waiting for enbaling protection through change raised by app team.",,,,/orgs/1/sec_policy/draft/label_groups/2aa178b5-bb4e-4349-9e8b-d082ce1f8563
KPI_PROGRAM_CLIENT-LGA,app,Import Label group through workloader,CSM_NET_DNS.INFRASTRUCTUR; CSM_BCK_FRA.TSM.RBDF; CSM_DEP_MASTER.UNIX.SATELLITE.CAPSULES; APM_GCR_PFI; APM_GCR_OIB; APM_GCR_PTF; APM_RCR_TDP; CSM_SEC_SGCONNECT.L1; CSM_MON_MS.WIN.CORE.INFRA.MARACIAAS; APM_GTS_SNORF; APM_GTS_FLO; APM_GCR_M1F; APM_RBS_DESUR; CSM_GTS_IAS.SBS.LINUX; APM_GTS_FRA.ADMIN.TERADATA; CSM_RBD_PAS.DRE_ALL; CSM_SYS_WW.PUPPET.AAS; CSM_SYS_SSHKIT.SSK; CSM_RBD_PAS.MDW.CTN_ALL; CSM_MGT_FRA.ADMIN.INFRA.MAINFRAME.SAIZ; CSM_RBD_IAS.LINUX_ALL; CSM_SYS_UNIX.SERVER; CSM_RBD_PAS.ADB_ALL; APM_GTS_AIX.INFRA.SERVER.IAS.SYS; CSM_ADMIN_IAS.LINUX_ALL; APM_GTS_NAS.SERVERS; APM_GTS_FRA.GWIM.GLOBAL.WINDOWS.MASTER; CSM_RBD_IAS.WINDOWS_ALL; CSM_RBD_PAS.MDW.MTS.MOM_ALL; APM_L3.SWIFT.AMER_CG.SWIFT.ALLIANCE.US; CSM_SYS-NTS_1326_DEV-WINDOWS.CORE.INFRA; CSM_RBD_PAS.MDW.CACHE_ALL; CSU_GTS_PPAAS_ALL; CSM_RBD_IAS.AIX_ALL; APM_GTS_MS.WINDOWS.INFRASTRUCTURE; CSM_RBD_PAS.BDT_ALL; CSM_BCK_VERITAS.NETBACKUP; CSM_ADMIN_IAS.WINDOWS_ALL; CSM_BCK_FRA.NETWORKER.2; CSM_RBD_PAS.MDW.WAS_ALL; CSM_RBD_SEC.SCS_ALL; CSM_SYS_VIRTUAL.MACHINE.SERVER.MEDIUM; CSM_RBD_PAS.MDW.BO_ALL; CSM_RBD_SEC.ACS.IRU_ALL; CSM_AUTH_AMER.IDM.PLT; CSM_RBD_SEC.ACS.LDD_ALL; CSM_RBD_SEC.ACS.LDO_ALL; APM_GTS.SEC.DVF_AMER.LDO; CSM_AUTH_FRA.IDM.PLT; CSM_RBD_SEC.ACS.OUD_ALL; CSM_AUTH_ASIA.IDM.PLT; CSM_RBD_SEC.ACS.DSI.DMZ; APM_GTS_WW.POSTGRE.CLOUD.PLATFORM.RP; APM_RBS_CREDIT360; APM_RBS_PED; APM_RBS_DESUR.IAAS; APM_GTS_WW.POSTGRE.CLOUD.PLATFORM.RP.IAAS,,APM_GCR_OIB; APM_GCR_M1F; APM_RBS_CREDIT360; APM_RCR_TDP; CSM_GTS_IAS.SBS.LINUX; APM_GTS_WW.POSTGRE.CLOUD.PLATFORM.RP; APM_GTS_FLO; CSM_RBD_SEC.ACS.LDO_ALL; CSM_RBD_PAS.MDW.WAS_ALL; CSM_SEC_SGCONNECT.L1; APM_RBS_DESUR.IAAS; APM_GTS_WW.POSTGRE.CLOUD.PLATFORM.RP.IAAS; CSM_RBD_PAS.BDT_ALL; CSM_SYS_VIRTUAL.MACHINE.SERVER.MEDIUM; APM_GTS.SEC.DVF_AMER.LDO; CSM_AUTH_FRA.IDM.PLT; CSM_RBD_SEC.ACS.OUD_ALL; APM_GTS_SNORF; CSM_SYS_WW.PUPPET.AAS; APM_GTS_AIX.INFRA.SERVER.IAS.SYS; APM_GTS_FRA.GWIM.GLOBAL.WINDOWS.MASTER; CSM_AUTH_ASIA.IDM.PLT; APM_L3.SWIFT.AMER_CG.SWIFT.ALLIANCE.US; CSM_RBD_SEC.ACS.DSI.DMZ; APM_GTS_FRA.ADMIN.TERADATA; CSM_RBD_IAS.LINUX_ALL; CSM_SYS_SSHKIT.SSK; APM_GTS_NAS.SERVERS; CSU_GTS_PPAAS_ALL; CSM_RBD_IAS.AIX_ALL; CSM_RBD_SEC.ACS.LDD_ALL; CSM_NET_DNS.INFRASTRUCTUR; CSM_DEP_MASTER.UNIX.SATELLITE.CAPSULES; CSM_MON_MS.WIN.CORE.INFRA.MARACIAAS; APM_RBS_DESUR; CSM_RBD_PAS.MDW.CTN_ALL; CSM_BCK_VERITAS.NETBACKUP; CSM_MGT_FRA.ADMIN.INFRA.MAINFRAME.SAIZ; CSM_SYS_UNIX.SERVER; CSM_RBD_IAS.WINDOWS_ALL; APM_GCR_PTF; CSM_RBD_SEC.SCS_ALL; CSM_AUTH_AMER.IDM.PLT; APM_RBS_PED; APM_GTS_MS.WINDOWS.INFRASTRUCTURE; CSM_BCK_FRA.NETWORKER.2; CSM_RBD_SEC.ACS.IRU_ALL; APM_GCR_PFI; CSM_ADMIN_IAS.LINUX_ALL; CSM_RBD_PAS.MDW.MTS.MOM_ALL; CSM_RBD_PAS.MDW.BO_ALL; CSM_BCK_FRA.TSM.RBDF; CSM_SYS-NTS_1326_DEV-WINDOWS.CORE.INFRA; CSM_ADMIN_IAS.WINDOWS_ALL; CSM_RBD_PAS.ADB_ALL; CSM_RBD_PAS.MDW.CACHE_ALL; CSM_RBD_PAS.DRE_ALL,/orgs/1/sec_policy/draft/label_groups/2cb2bb09-9ba6-4d76-b3c3-3290568e616f
L3.SGRF.EUR-LGA,app,,APM_L3.SGRF.EUR_CG.ALISE.AIGUILLEUR; APM_L3.SGRF.EUR_CG.BASYLIQ.BYQ; APM_L3.SGRF.EUR_CG.CDM.DFIN; APM_L3.SGRF.EUR_CG.COLOSS.ECX; APM_L3.SGRF.EUR_CG.COLOSS.FBI; APM_L3.SGRF.EUR_CG.CRISTAL.PFP.ELAPS; APM_L3.SGRF.EUR_CG.ERG.EVOLAN.ERG; APM_L3.SGRF.EUR_CG.ETECE; APM_L3.SGRF.EUR_FTAAS.L3.SGRF; APM_L3.SGRF.EUR_CG.GED.ACA; APM_L3.SGRF.EUR_CG.GED.ACV; APM_L3.SGRF.EUR_CG.GED.IGB; APM_L3.SGRF.EUR_CG.MCF; APM_L3.SGRF.EUR_CG.NAUPLIE; APM_L3.SGRF.EUR_CG.SATIS.L3.SGRF; APM_L3.SGRF.EUR_CG.VIREMENTS.UNIFIES; APM_L3.SGRF.EUR_CG.BASYLIQ.BBC; APM_L3.SGRF.EUR_CG.GED.GBA; APM_L3.SGRF.EUR_CG.GED.GBQ; APM_L3.SGRF.EUR_CG.GED.GBX; APM_L3.SGRF.EUR_CG.GRC; APM_L3.SGRF.EUR_CG.SAFIR.CREDIT.RISK; APM_L3.SGRF.EUR_CG.ERG.EVOLAN.ERL; APM_L3.SGRF.EUR_CG.CASH.EUROPE; APM_L3.SGRF.EUR_CG.COLOSS.COL; APM_L3.SGRF.EUR_CG.SGTALK.DIG; APM_L3.SGRF.EUR_CG.SGTALK.MNR; APM_L3.SGRF.EUR_CG.SGTALK.SGT; APM_L3.SGRF.EUR_CG.SGTALK.VOX; APM_L3.SGRF.EUR_CG.NOSICA; APM_L3.SGRF.EUR_CG.GED.GCG; APM_L3.SGRF.EUR_CG.GED.GCB; APM_L3.SGRF.EUR_CG.SGTALK.VOX.EXPOSED; APM_L3.SGRF.EUR_CG.SGTALK.DIG.EXPOSED; APM_L3.SGRF.EUR_CG.SGTALK.MNR.EXPOSED; APM_L3.SGRF.EUR_CG.SGTALK.SGT.EXPOSED; APU_L3.SGRF.EUR_CG.SAFIR.CREDIT.RISK.AGENTLESS; APM_L3.SGRF.EUR_CG.NRG; APM_L3.SGRF.EUR_CG.NOSICA.IAAS; APM_L3.SGRF.EUR_CG.COLOSS.COL.IAAS; APM_L3.SGRF.EUR_CG.BASYLIQ.BBC.IAAS; APM_L3.SGRF.EUR_CG.GED.GBX.IAAS; APM_L3.SGRF.EUR_CG.ERG.EVOLAN.ERG.IAAS; APM_L3.SGRF.EUR_CG.GED.GBQ.IAAS; APM_L3.SGRF.EUR_CG.COLOSS.ECX.IAAS; APM_L3.SGRF.EUR_CG.CASH.EUROPE.IAAS; APM_L3.SGRF.EUR_CG.SAFIR.CREDIT.RISK.IAAS; APM_L3.SGRF.EUR_CG.SATIS.L3.SGRF.IAAS; APM_L3.SGRF.EUR_CG.ETECE.IAAS; APM_L3.SGRF.EUR_CG.GED.IGB.IAAS; APM_RBS_CREDIT360.IAAS; APM_L3.SGRF.EUR_CG.SGTALK.VOX.TEST; APM_L3.SGRF.EUR_CG.SAFIR.CREDIT.RISK.EXPOSED,,APM_L3.SGRF.EUR_CG.NAUPLIE; APM_L3.SGRF.EUR_CG.VIREMENTS.UNIFIES; APM_L3.SGRF.EUR_CG.GRC; APM_L3.SGRF.EUR_CG.COLOSS.COL; APM_L3.SGRF.EUR_CG.SGTALK.VOX.EXPOSED; APM_L3.SGRF.EUR_CG.COLOSS.ECX; APM_L3.SGRF.EUR_CG.BASYLIQ.BYQ; APM_L3.SGRF.EUR_CG.GED.GBX.IAAS; APM_L3.SGRF.EUR_CG.SGTALK.SGT; APM_L3.SGRF.EUR_CG.COLOSS.COL.IAAS; APM_L3.SGRF.EUR_CG.CRISTAL.PFP.ELAPS; APM_L3.SGRF.EUR_CG.NRG; APM_L3.SGRF.EUR_CG.NOSICA.IAAS; APM_L3.SGRF.EUR_CG.SAFIR.CREDIT.RISK.EXPOSED; APM_L3.SGRF.EUR_CG.CDM.DFIN; APM_L3.SGRF.EUR_FTAAS.L3.SGRF; APM_L3.SGRF.EUR_CG.ETECE.IAAS; APM_RBS_CREDIT360.IAAS; APM_L3.SGRF.EUR_CG.GED.GBA; APM_L3.SGRF.EUR_CG.GED.GBX; APM_L3.SGRF.EUR_CG.SGTALK.DIG; APM_L3.SGRF.EUR_CG.NOSICA; APM_L3.SGRF.EUR_CG.COLOSS.FBI; APM_L3.SGRF.EUR_CG.ERG.EVOLAN.ERG; APM_L3.SGRF.EUR_CG.GED.ACV; APM_L3.SGRF.EUR_CG.CASH.EUROPE; APM_L3.SGRF.EUR_CG.SGTALK.MNR; APM_L3.SGRF.EUR_CG.SAFIR.CREDIT.RISK.IAAS; APM_L3.SGRF.EUR_CG.SGTALK.VOX; APM_L3.SGRF.EUR_CG.GED.ACA; APM_L3.SGRF.EUR_CG.MCF; APM_L3.SGRF.EUR_CG.GED.GBQ; APM_L3.SGRF.EUR_CG.GED.GCG; APM_L3.SGRF.EUR_CG.SGTALK.VOX.TEST; APM_L3.SGRF.EUR_CG.ETECE; APM_L3.SGRF.EUR_CG.SATIS.L3.SGRF; APM_L3.SGRF.EUR_CG.BASYLIQ.BBC; APM_L3.SGRF.EUR_CG.GED.GBQ.IAAS; APU_L3.SGRF.EUR_CG.SAFIR.CREDIT.RISK.AGENTLESS; APM_L3.SGRF.EUR_CG.BASYLIQ.BBC.IAAS; APM_L3.SGRF.EUR_CG.ERG.EVOLAN.ERG.IAAS; APM_L3.SGRF.EUR_CG.SATIS.L3.SGRF.IAAS; APM_L3.SGRF.EUR_CG.SGTALK.DIG.EXPOSED; APM_L3.SGRF.EUR_CG.SGTALK.SGT.EXPOSED; APM_L3.SGRF.EUR_CG.ALISE.AIGUILLEUR; APM_L3.SGRF.EUR_CG.ERG.EVOLAN.ERL; APM_L3.SGRF.EUR_CG.SGTALK.MNR.EXPOSED; APM_L3.SGRF.EUR_CG.CASH.EUROPE.IAAS; APM_L3.SGRF.EUR_CG.GED.IGB.IAAS; APM_L3.SGRF.EUR_CG.GED.IGB; APM_L3.SGRF.EUR_CG.SAFIR.CREDIT.RISK; APM_L3.SGRF.EUR_CG.GED.GCB; APM_L3.SGRF.EUR_CG.COLOSS.ECX.IAAS,/orgs/1/sec_policy/draft/label_groups/450dac7f-ba5e-43d1-b54e-92b16cfd78fa
L3.GBTO.AMER-LGA,app,,APM_L3.GBTO.AMER_CG.MONTRAN; APM_L3.GBTO.AMER_CG.ELIOT.AMER; APM_L3.GBTO.AMER_CG.X.ONE.AMER; APM_L3.GBTO.AMER_CG.X.ONE.AMER.IAAS,,APM_L3.GBTO.AMER_CG.X.ONE.AMER.IAAS; APM_L3.GBTO.AMER_CG.MONTRAN; APM_L3.GBTO.AMER_CG.ELIOT.AMER; APM_L3.GBTO.AMER_CG.X.ONE.AMER,/orgs/1/sec_policy/draft/label_groups/09cc70db-1dba-475c-92e6-164a287d11b1
KPI_SUB_ENTITY_GBIS-GBSU.PRE-LGA,app,KPI Label Group for GBTO/PRE/CEQ sub-entity,APM_L1.GBTO_BACARDI; APM_L3.GBTO.EUR_CG.BACARDI; APM_L3.GBTO.EUR_CG.BACARDI.IAAS,,APM_L3.GBTO.EUR_CG.BACARDI; APM_L3.GBTO.EUR_CG.BACARDI.IAAS; APM_L1.GBTO_BACARDI,/orgs/1/sec_policy/draft/label_groups/53a9136a-691e-42a0-a434-f96a1faf2c21
KPI_SUB_ENTITY_RESG-GTS.PAS-LGA,app,For KPI calculation purpose. Label group that contain Application Labels part of GTS.PAS Sub-entity,CSM_RBD_PAS.MDW.WAS_ALL; CSM_RBD_PAS.MDW.CACHE_ALL; CSM_RBD_PAS.ADB_ALL; CSM_RBD_PAS.MDW.BO_ALL; MUT_GCR_MQ; APM_GTS_FRA.ADMIN.TERADATA; CSM_RBD_PAS.XTE-FTR_ALL; CSM_RBD_PAS.DRE_ALL; CSM_RBD_PAS.MDW.MTS.MOM_ALL; CSM_RBD_PAS.BDT_ALL; CSM_RBD_PAS.DVF_ALL; CSM_RBD_PAS.MDW.MTS.MOM.MFT_ALL; APM_L3.SGRF.EUR_FTAAS.L3.SGRF; APM_L3.GBTO.EUR_FTAAS.L3.GBTO; APM_L3.SABA.GTS.REBOUND_SABA.PAS.BDT.A7131; CSM_L3.SABA.GTS.REBOUND_SABA.PAS.DRE.DST.AK711; CSM_L3.SABA.GTS.REBOUND_SABA.PAS.DRE.DST.AK707; CSM_L3.SABA.GTS.REBOUND_SABA.PAS.DRE.GREEN.AK703; CSM_L3.SABA.GTS.REBOUND_SABA.PAS.DRE.GREEN.AK704; CSM_L3.SABA.GTS.REBOUND_SABA.PAS.DRE.GREEN.AK705; CSM_L3.SABA.GTS.REBOUND_SABA.PAS.DRE.RED.AK701; APM_L3.SABA.GTS.REBOUND_SABA.PAS.DVF.AIRFLOW.AK706; APM_L3.SABA.GTS_SABA.PAS.DVF.HP.AK710; APM_L3.SABA.GTS.REBOUND_SABA.PAS.MDW.BO.AK689; APM_L3.SABA.GTS.REBOUND_SABA.PAS.MDW.CACHE.AK685; APM_L3.SABA.GTS.REBOUND_SABA.PAS.MDW.CAST.AK799; APM_L3.SABA.GTS.REBOUND_SABA.PAS.MDW.CTN.AK684; APM_L3.SABA.GTS.REBOUND_SABA.PAS.MDW.ETL.AK688; CSM_L3.SABA.GTS.REBOUND_SABA.PAS.MDW.MOM.AK687; APM_L3.SABA.GTS.REBOUND_SABA.PAS.MDW.MTS.MFT.AK686,,CSM_L3.SABA.GTS.REBOUND_SABA.PAS.DRE.DST.AK707; CSM_RBD_PAS.MDW.BO_ALL; CSM_RBD_PAS.BDT_ALL; CSM_RBD_PAS.DVF_ALL; CSM_L3.SABA.GTS.REBOUND_SABA.PAS.DRE.GREEN.AK704; APM_L3.SABA.GTS_SABA.PAS.DVF.HP.AK710; APM_L3.SABA.GTS.REBOUND_SABA.PAS.MDW.ETL.AK688; CSM_RBD_PAS.MDW.WAS_ALL; CSM_L3.SABA.GTS.REBOUND_SABA.PAS.DRE.DST.AK711; APM_L3.SABA.GTS.REBOUND_SABA.PAS.MDW.BO.AK689; APM_L3.SABA.GTS.REBOUND_SABA.PAS.MDW.MTS.MFT.AK686; APM_GTS_FRA.ADMIN.TERADATA; CSM_RBD_PAS.MDW.MTS.MOM_ALL; CSM_RBD_PAS.MDW.MTS.MOM.MFT_ALL; APM_L3.SGRF.EUR_FTAAS.L3.SGRF; CSM_RBD_PAS.XTE-FTR_ALL; APM_L3.SABA.GTS.REBOUND_SABA.PAS.MDW.CAST.AK799; MUT_GCR_MQ; APM_L3.GBTO.EUR_FTAAS.L3.GBTO; CSM_L3.SABA.GTS.REBOUND_SABA.PAS.DRE.GREEN.AK705; APM_L3.SABA.GTS.REBOUND_SABA.PAS.MDW.CTN.AK684; CSM_L3.SABA.GTS.REBOUND_SABA.PAS.MDW.MOM.AK687; CSM_RBD_PAS.MDW.CACHE_ALL; APM_L3.SABA.GTS.REBOUND_SABA.PAS.BDT.A7131; CSM_L3.SABA.GTS.REBOUND_SABA.PAS.DRE.GREEN.AK703; CSM_RBD_PAS.ADB_ALL; CSM_L3.SABA.GTS.REBOUND_SABA.PAS.DRE.RED.AK701; APM_L3.SABA.GTS.REBOUND_SABA.PAS.DVF.AIRFLOW.AK706; APM_L3.SABA.GTS.REBOUND_SABA.PAS.MDW.CACHE.AK685; CSM_RBD_PAS.DRE_ALL,/orgs/1/sec_policy/draft/label_groups/4939b16a-d088-4123-bfdf-b7eca304f5cf
L3.NSAL3P.BSC.DMZ.SC2.RTFE-LGA,app,,APM_L3.NSAL3P.BSC.DMZ.SC2.RTFE_CG.RTFE.SC2; APM_L3.NSAL3P.BSC.DMZ.SC2.RTFE_CG.RTFE.SC2.EXPOSED,,APM_L3.NSAL3P.BSC.DMZ.SC2.RTFE_CG.RTFE.SC2.EXPOSED; APM_L3.NSAL3P.BSC.DMZ.SC2.RTFE_CG.RTFE.SC2,/orgs/1/sec_policy/draft/label_groups/3e37d58b-6d67-4f8e-a698-ce0da62aab70
L3.NSAL3P.BSC.DMZ.DC2.RTFE-LGA,app,,APM_L3.NSAL3P.BSC.DMZ.DC2.RTFE_CG.RTFE.DC2; APM_L3.NSAL3P.BSC.DMZ.DC2.RTFE_CG.RTFE.DC2.EXPOSED,,APM_L3.NSAL3P.BSC.DMZ.DC2.RTFE_CG.RTFE.DC2; APM_L3.NSAL3P.BSC.DMZ.DC2.RTFE_CG.RTFE.DC2.EXPOSED,/orgs/1/sec_policy/draft/label_groups/8568e1ea-4ef9-4afd-9b63-83798668b7aa
KPI_SUB_ENTITY_GBIS-GBSU.EQD-LGA,app,For KPI calculation purpose. Label group that contain Application Labels part of GBSU.EQD Sub-entity,APM_L3.GBTO.EUR_CG.MUREX; APM_L1.GBTO_ELIOT.L1; APM_L3.GBTO.EUR_CG.ELIOT.EUR; APM_L3.GBTO.AMER_CG.ELIOT.AMER; APM_L3.GBTO.ASIA_CG.ELIOT.ASIA; APM_L3.GBTO.EUR_CG.ELIOT.EUR.IAAS; APM_L3.GBTO.EUR_CG.MUREX.IAAS,,APM_L3.GBTO.EUR_CG.MUREX.IAAS; APM_L3.GBTO.EUR_CG.MUREX; APM_L1.GBTO_ELIOT.L1; APM_L3.GBTO.EUR_CG.ELIOT.EUR; APM_L3.GBTO.AMER_CG.ELIOT.AMER; APM_L3.GBTO.ASIA_CG.ELIOT.ASIA; APM_L3.GBTO.EUR_CG.ELIOT.EUR.IAAS,/orgs/1/sec_policy/draft/label_groups/2a2b3907-c839-4f1b-b35d-c7cc1ae61af8
KPI_RUN.LEVEL_CRITICAL-LGA,app,"Label Group including application labels having a run lvel : Critic Group
Workloads having this run criticality level shall always be in Blocking Mode, monitoring shall be setup to detect and alert any regression",APM_GBTO_CG.NG.OIB; APM_L3.EJBCA.EUR_CG.EJBCA; APM_L3.FIGARO.EUR_CG.FIGARO.IRSA; APM_L3.GBTO.EUR_CG.MAESTRO; APM_L3.GTS.EUR_CG.VAULT.RP.GTS; APM_L3.SGRF.EUR_CG.SATIS.L3.SGRF; APM_L3.DTZONE.EUR.BACK.PANTIN_CG.SGCONNECT.DTZONE.BACK.PANTIN; APM_L3.GBTO.AMER_CG.ELIOT.AMER; APM_L3.SWIFT.EUR_CG.SWIFT.SWING; APM_L3.EJBCA.EUR_CG.CRYPTO; APM_L3.GBTO.EUR_CG.BDR; APM_L3.GBTO.EUR_CG.ELIOT.EUR; APM_L3.GBTO.EUR_CG.SGCONNECT.L3; APM_L3.SGRF.EUR_CG.BASYLIQ.BYQ; APM_L3.SGRF.EUR_CG.NOSICA; APM_L3.SGRF.EUR_CG.ERG.EVOLAN.ERL; APM_L3.SGRF.EUR_CG.ETECE; APM_L3.GBTO.EUR_CG.REPLAY; APM_L3.DTZONE.EUR.FRONT.MARCOUSSIS_CG.SGCONNECT.DTZONE.FRONT.MARCOUSSIS; APM_L3.GBTO.AMER_CG.MONTRAN; APM_L3.SGRF.EUR_CG.ALISE.AIGUILLEUR; APM_L3.SGRF.EUR_CG.MCF; APM_L3.SGRF.EUR_CG.VIREMENTS.UNIFIES; APM_L3.GBTO.EUR_CG.LOAN.IQ; APM_L3.GBTO.EUR_CG.SATIS.L3.GBTO; APM_L3.EJBCA.EUR_CG.CMS; APM_L3.SGRF.EUR_CG.COLOSS.COL; APM_L3.SGRF.EUR_CG.COLOSS.ECX; APM_L3.SGRF.EUR_CG.CRISTAL.PFP.ELAPS; APM_L3.SGRF.EUR_CG.GED.ACA; APM_L3.SGRF.EUR_CG.GRC; APM_L3.GBTO.ASIA_CG.X.ONE.ASIA; APM_L3.GBTO.EUR_CG.CBR; APM_L3.GBTO.EUR_CG.GSP.T2S; APM_L3.SGRF.EUR_CG.BASYLIQ.BBC; APM_L3.SGRF.EUR_CG.GED.GCB; APM_L3.GBTO.EUR_CG.BACARDI; APM_L3.GBTO.EUR_CG.X.ONE.EUR; APM_L3.LENOVO.EUR_CG.HIGHWAY.L3.LENOVO.EUR; APM_L3.DTZONE.EUR.BACK.MARCOUSSIS_CG.SGCONNECT.DTZONE.BACK.MARCOUSSIS; APM_L3.SABA.GTS.REBOUND_SABA.FRA.STS.TOOLING.AK759; APM_L3.SGRF.EUR_CG.GED.ACV; APM_L3.SGRF.EUR_CG.NAUPLIE; APM_L3.GBTO.ASIA_CG.ELIOT.ASIA; APM_L3.GBTO.EUR_CG.GL.APF; APM_L3.SGRF.EUR_CG.CDM.DFIN; APM_L3.SGRF.EUR_CG.GED.GBQ; APM_L3.SGRF.EUR_CG.GED.GCG; APM_L3.SWIFT.EUR_CG.SWIFT.STARS; APM_L3.GBTO.EUR_CG.HIGHWAY.L3.GBTO.EUR; APM_L3.GBTO.EUR_CG.SORA; APM_L3.SGRF.EUR_CG.GED.GBX; APM_L3.SWIFT.EUR_CG.SWIFT.SAG; APM_L3.GBTO.AMER_CG.X.ONE.AMER; APM_L3.GBTO.EUR_CG.E.SETTLEMENT; APM_L3.GBTO.EUR_CG.MUREX; APM_L3.SGRF.EUR_CG.CASH.EUROPE; APM_L3.SGRF.EUR_CG.ERG.EVOLAN.ERG; APM_L3.SWIFT.EUR_CG.SWIFT.SFAP; APM_L3.DTZONE.EUR.FRONT.PANTIN_CG.SGCONNECT.DTZONE.FRONT.PANTIN; APM_L3.FIGARO.EUR_CG.FIGARO; APM_L3.GBTO.EUR_CG.E.FUND.ORDER; APM_L3.GBTO.EUR_CG.EOLE.ALISE.GATE; APM_L3.SGRF.EUR_CG.COLOSS.FBI; APM_L3.SGRF.EUR_CG.GED.GBA; APM_L3.SGRF.EUR_CG.GED.IGB; APM_L3.HP.EUR_CG.HIGHWAY.L3.HP; APM_L3.GBTO.EUR_CG.BACARDI.IAAS; APM_L3.SGRF.EUR_CG.GED.GBX.IAAS; APM_L3.GBTO.EUR_CG.LOAN.IQ.IAAS; APM_L3.GBTO.EUR_CG.E.SETTLEMENT.IAAS; APM_L3.GBTO.EUR_CG.MUREX.IAAS; APM_L3.GBTO.EUR_CG.EOLE.ALISE.GATE.IAAS; APM_L3.GBTO.AMER_CG.X.ONE.AMER.IAAS; APM_L3.GBTO.EUR_CG.MAESTRO.IAAS; APM_L3.SGRF.EUR_CG.COLOSS.COL.IAAS; APM_L3.GBTO.EUR_CG.ELIOT.EUR.IAAS; APM_L3.GBTO.EUR_CG.GL.APF.IAAS; APM_L3.SGRF.EUR_CG.CASH.EUROPE.IAAS; APM_L3.SGRF.EUR_CG.COLOSS.ECX.IAAS; APM_L3.SGRF.EUR_CG.GED.GBQ.IAAS; APM_L3.GBTO.EUR_CG.X.ONE.EUR.IAAS; APM_L3.SGRF.EUR_CG.BASYLIQ.BBC.IAAS; APM_L3.GBTO.EUR_CG.SORA.IAAS; APM_L3.SGRF.EUR_CG.NOSICA.IAAS; APM_L3.GBTO.EUR_CG.E.FUND.ORDER.IAAS; APM_L3.SGRF.EUR_CG.ERG.EVOLAN.ERG.IAAS; APM_L3.SGRF.EUR_CG.ETECE.IAAS; APM_RBS_CREDIT360.IAAS; APM_L3.GBTO.EUR_CG.CBR.IAAS; APM_L3.GBTO.EUR_CG.GSP.T2S.IAAS; APM_L3.SGRF.EUR_CG.SATIS.L3.SGRF.IAAS; APM_L3.SGRF.EUR_CG.GED.IGB.IAAS,,APM_L3.GBTO.EUR_CG.SGCONNECT.L3; APM_L3.SGRF.EUR_CG.VIREMENTS.UNIFIES; APM_L3.DTZONE.EUR.FRONT.PANTIN_CG.SGCONNECT.DTZONE.FRONT.PANTIN; APM_L3.GBTO.EUR_CG.E.SETTLEMENT.IAAS; APM_L3.SGRF.EUR_CG.BASYLIQ.BYQ; APM_L3.SGRF.EUR_CG.ALISE.AIGUILLEUR; APM_L3.GBTO.EUR_CG.GSP.T2S; APM_L3.SGRF.EUR_CG.GED.GCB; APM_L3.LENOVO.EUR_CG.HIGHWAY.L3.LENOVO.EUR; APM_L3.SGRF.EUR_CG.GED.ACV; APM_L3.GBTO.EUR_CG.MAESTRO.IAAS; APM_L3.GBTO.EUR_CG.GL.APF.IAAS; APM_L3.GBTO.EUR_CG.CBR.IAAS; APM_L3.SGRF.EUR_CG.GRC; APM_L3.GBTO.EUR_CG.CBR; APM_L3.GBTO.EUR_CG.BACARDI; APM_L3.SGRF.EUR_CG.BASYLIQ.BBC.IAAS; APM_L3.GTS.EUR_CG.VAULT.RP.GTS; APM_L3.DTZONE.EUR.FRONT.MARCOUSSIS_CG.SGCONNECT.DTZONE.FRONT.MARCOUSSIS; APM_L3.SGRF.EUR_CG.COLOSS.COL; APM_L3.GBTO.EUR_CG.SORA; APM_L3.SWIFT.EUR_CG.SWIFT.SAG; APM_L3.FIGARO.EUR_CG.FIGARO; APM_L3.SGRF.EUR_CG.CASH.EUROPE.IAAS; APM_L3.SGRF.EUR_CG.BASYLIQ.BBC; APM_L3.SGRF.EUR_CG.GED.GBA; APM_L3.SGRF.EUR_CG.NOSICA; APM_L3.SGRF.EUR_CG.ERG.EVOLAN.ERL; APM_L3.GBTO.EUR_CG.MUREX; APM_L3.GBTO.EUR_CG.X.ONE.EUR.IAAS; APM_L3.SGRF.EUR_CG.GED.IGB.IAAS; APM_L3.GBTO.EUR_CG.SATIS.L3.GBTO; APM_L3.GBTO.EUR_CG.SORA.IAAS; APM_L3.SGRF.EUR_CG.ERG.EVOLAN.ERG.IAAS; APM_GBTO_CG.NG.OIB; APM_L3.EJBCA.EUR_CG.EJBCA; APM_L3.SGRF.EUR_CG.SATIS.L3.SGRF; APM_L3.GBTO.AMER_CG.MONTRAN; APM_L3.GBTO.ASIA_CG.ELIOT.ASIA; APM_L3.SGRF.EUR_CG.CDM.DFIN; APM_L3.GBTO.EUR_CG.EOLE.ALISE.GATE.IAAS; APM_L3.GBTO.EUR_CG.E.FUND.ORDER.IAAS; APM_L3.GBTO.EUR_CG.E.FUND.ORDER; APM_L3.GBTO.AMER_CG.X.ONE.AMER.IAAS; APM_L3.FIGARO.EUR_CG.FIGARO.IRSA; APM_L3.GBTO.EUR_CG.BDR; APM_L3.SGRF.EUR_CG.MCF; APM_L3.GBTO.EUR_CG.LOAN.IQ; APM_L3.GBTO.EUR_CG.X.ONE.EUR; APM_L3.GBTO.EUR_CG.E.SETTLEMENT; APM_L3.SGRF.EUR_CG.COLOSS.COL.IAAS; APM_L3.SGRF.EUR_CG.GED.GBQ.IAAS; APM_RBS_CREDIT360.IAAS; APM_L3.SGRF.EUR_CG.SATIS.L3.SGRF.IAAS; APM_L3.DTZONE.EUR.BACK.PANTIN_CG.SGCONNECT.DTZONE.BACK.PANTIN; APM_L3.SWIFT.EUR_CG.SWIFT.STARS; APM_L3.SGRF.EUR_CG.GED.GBX; APM_L3.SGRF.EUR_CG.ERG.EVOLAN.ERG; APM_L3.SGRF.EUR_CG.COLOSS.FBI; APM_L3.GBTO.EUR_CG.ELIOT.EUR; APM_L3.GBTO.EUR_CG.REPLAY; APM_L3.SABA.GTS.REBOUND_SABA.FRA.STS.TOOLING.AK759; APM_L3.SGRF.EUR_CG.GED.GBQ; APM_L3.GBTO.AMER_CG.X.ONE.AMER; APM_L3.SWIFT.EUR_CG.SWIFT.SWING; APM_L3.EJBCA.EUR_CG.CRYPTO; APM_L3.EJBCA.EUR_CG.CMS; APM_L3.GBTO.EUR_CG.HIGHWAY.L3.GBTO.EUR; APM_L3.GBTO.EUR_CG.BACARDI.IAAS; APM_L3.SGRF.EUR_CG.COLOSS.ECX.IAAS; APM_L3.SGRF.EUR_CG.COLOSS.ECX; APM_L3.SGRF.EUR_CG.GED.ACA; APM_L3.GBTO.ASIA_CG.X.ONE.ASIA; APM_L3.SGRF.EUR_CG.CASH.EUROPE; APM_L3.SGRF.EUR_CG.GED.IGB; APM_L3.GBTO.EUR_CG.MUREX.IAAS; APM_L3.GBTO.EUR_CG.ELIOT.EUR.IAAS; APM_L3.GBTO.EUR_CG.GSP.T2S.IAAS; APM_L3.SGRF.EUR_CG.CRISTAL.PFP.ELAPS; APM_L3.SGRF.EUR_CG.NAUPLIE; APM_L3.GBTO.EUR_CG.GL.APF; APM_L3.SGRF.EUR_CG.GED.GBX.IAAS; APM_L3.SGRF.EUR_CG.ETECE.IAAS; APM_L3.GBTO.EUR_CG.MAESTRO; APM_L3.GBTO.AMER_CG.ELIOT.AMER; APM_L3.SGRF.EUR_CG.ETECE; APM_L3.DTZONE.EUR.BACK.MARCOUSSIS_CG.SGCONNECT.DTZONE.BACK.MARCOUSSIS; APM_L3.SGRF.EUR_CG.GED.GCG; APM_L3.SWIFT.EUR_CG.SWIFT.SFAP; APM_L3.GBTO.EUR_CG.EOLE.ALISE.GATE; APM_L3.HP.EUR_CG.HIGHWAY.L3.HP; APM_L3.GBTO.EUR_CG.LOAN.IQ.IAAS; APM_L3.SGRF.EUR_CG.NOSICA.IAAS,/orgs/1/sec_policy/draft/label_groups/e37dfb77-38a3-4d23-bb71-ebfc8a058987
KPI_PROGRAM_LUIGI-LGA,app,Import Label group through workloader,APM_GTS_LUIGI.DWF.MIGRATION.FACTORY; APM_IBFS_SGEF.IT.ACROS.AOS; APM_IBFS_SGEF.IT.BOARD.GIB; APM_IBFS_SGEF.IT.TASKIT.TAT; APM_IBFS_SGEF.PL.WEBCON.EGH; APM_IBFS_SGEF.PL.EGERIA.EGI; APM_IBFS_SGEF.PL.CD3.EGJ; APM_AFMO_SGSN.MERCI.N63; APM_AFMO_SGSN.SOGESGL.N68; APM_AFMO_SGSN.LOCOMOTIV.N71; APM_AFMO_SGSN.DOCUBASE.N90; APM_AFMO_SGSN.KCP.N91; APM_AFMO_SGSN.IMAGES.CHEQUES.N92; APM_AFMO_SGSN.DPWORLD.N80; APM_AFMO_SGSN.HATARI.N87; APM_AFMO_SGSN.BANQUEPRIVEE.N86; APM_AFMO_SGSN.SAFECLEAR.N64; APM_IBFS_SGEF.IT.WINTIME.WTM,,APM_GTS_LUIGI.DWF.MIGRATION.FACTORY; APM_IBFS_SGEF.IT.BOARD.GIB; APM_IBFS_SGEF.PL.WEBCON.EGH; APM_IBFS_SGEF.PL.EGERIA.EGI; APM_AFMO_SGSN.KCP.N91; APM_AFMO_SGSN.IMAGES.CHEQUES.N92; APM_IBFS_SGEF.IT.TASKIT.TAT; APM_AFMO_SGSN.LOCOMOTIV.N71; APM_AFMO_SGSN.MERCI.N63; APM_AFMO_SGSN.SOGESGL.N68; APM_AFMO_SGSN.DOCUBASE.N90; APM_AFMO_SGSN.HATARI.N87; APM_AFMO_SGSN.SAFECLEAR.N64; APM_IBFS_SGEF.IT.WINTIME.WTM; APM_IBFS_SGEF.IT.ACROS.AOS; APM_IBFS_SGEF.PL.CD3.EGJ; APM_AFMO_SGSN.DPWORLD.N80; APM_AFMO_SGSN.BANQUEPRIVEE.N86,/orgs/1/sec_policy/draft/label_groups/25f56929-84ae-4b75-86a7-d64ba245e0c2
L3.NSAL3P.GTS.HSM.DATA.DC2_KMP.HSM.DATA.DC2-LGA,app,,APM_L3.NSAL3P.GTS.DATA.INTERNAL_KMP,,APM_L3.NSAL3P.GTS.DATA.INTERNAL_KMP,/orgs/1/sec_policy/draft/label_groups/05b0fec8-1df1-4731-8d45-d227da22af66
KPI_PROGRAM_BCE.RECO.CHR-LGA,app,,APM_CFT_LS.MINT; APM_CFT_CHR.SCREENING.ALERTS.STA; APM_CFT_LS.OSAM; APM_CFT_CHR.STAR; APM_GTS_CHR.DATA4SEC; APM_GBTO_CHR.IDL.COCKPIT; APM_GBTO_CHR.ALLTRA; APM_CFT_CHR.GIZEH; APM_CFT_CHR.AIMS.GEN2; APM_CFT_CHR.AIMS.GEN1; APM_CFT_CHR.SCREENING.ALERTS.STA.IAAS; APM_CFT_LS.OSAM.IAAS; APM_CFT_LS.MINT.IAAS; APM_GBTO_CHR.IDL.COCKPIT.IAAS,,APM_CFT_CHR.SCREENING.ALERTS.STA.IAAS; APM_GBTO_CHR.IDL.COCKPIT.IAAS; APM_CFT_CHR.SCREENING.ALERTS.STA; APM_CFT_CHR.GIZEH; APM_CFT_CHR.AIMS.GEN1; APM_CFT_LS.MINT.IAAS; APM_GTS_CHR.DATA4SEC; APM_GBTO_CHR.IDL.COCKPIT; APM_CFT_LS.OSAM.IAAS; APM_CFT_LS.MINT; APM_CFT_CHR.STAR; APM_CFT_CHR.AIMS.GEN2; APM_CFT_LS.OSAM; APM_GBTO_CHR.ALLTRA,/orgs/1/sec_policy/draft/label_groups/5a2c490b-84c7-4ddf-b7d7-a5cbe2eefc7b
KPI_SUB_ENTITY_RESG-GTS.GCR-LGA,app,RESG/GTS/GCR,APM_GTS_SNORF; APM_L3.SABA.GTS.REBOUND_SABA.GCR.MDT.MMI.AK725,,APM_GTS_SNORF; APM_L3.SABA.GTS.REBOUND_SABA.GCR.MDT.MMI.AK725,/orgs/1/sec_policy/draft/label_groups/7902ad1a-d388-4711-a913-54b4c493ae51
LUIGI_SGEF.PL-LGA,app,LUIGI label group for SGEF pologne entity,APM_IBFS_SGEF.PL.WEBCON.EGH; APM_IBFS_SGEF.PL.CD3.EGJ; APM_IBFS_SGEF.PL.EGERIA.EGI,,APM_IBFS_SGEF.PL.WEBCON.EGH; APM_IBFS_SGEF.PL.CD3.EGJ; APM_IBFS_SGEF.PL.EGERIA.EGI,/orgs/1/sec_policy/draft/label_groups/4c2b77a4-7660-4a40-9240-8066fd8f585f
AP_GCR-LGA,app,GCR applications used for Core Services,AP_GCR_SOX; AP_GCR_SLA; APT_SDS_NONPRD; AP_GCR_RNE; AP_GCR_PEA; AP_GCR_NXS; AP_GCR_MTX; AP_GCR_KYC; APM_GCR_PTF; AP_GCR_IDT; AP_GCR_GDT; AP_GCR_GCA; APM_L1.SGRF_ETECE; AP_GCR_ENT; APM_L1.GBTO_ELIOT.L1; AP_GCR_DRW; AP_GCR_CTG; AP_GCR_CPL; AP_GCR_APD; APM_L1.GBTO_EOLE.ALISE.GATE.L1; AP_GCR_DFP; AP_GCR_NGC; AP_GCR_GP3_OLD; AP_GCR_B2CH_OLD; AP_GCR_BCTA_OLD; APM_GCR_PFI; MUT_GCR_ORACLE; APM_GTS.SEC.STS_ILU; APM_L1.GBTO_X.ONE.L1; APM_L3.GBTO.EUR_CG.X.ONE.CL.EUR; APM_L1.GBTO_REPLAY; AP_GCR_GP3; APM_L1.GBTO_HIGHWAY; APM_L1.GBTO_LOAN.IQ; APM_GCR_OIB; APM_GCR_SIB; APM_L1.SGRF_MCF.L1; APM_L1.SGRF_CRISTAL.PFP.ELAPS; AP_GCR_TPR; APM_L1.GBTO_GL.APF.L1; APM_L3.GBTO_CASH.EUROPE; APM_GCR_M1F; APM_L3.GBTO.EUR_CG.X.ONE.CL.EUR.IAAS,,APM_L1.GBTO_GL.APF.L1; AP_GCR_RNE; AP_GCR_KYC; APM_L1.SGRF_ETECE; APM_L1.GBTO_ELIOT.L1; APM_L1.GBTO_HIGHWAY; APM_GCR_SIB; AP_GCR_ENT; AP_GCR_NGC; AP_GCR_BCTA_OLD; AP_GCR_GP3; AP_GCR_DRW; AP_GCR_CPL; AP_GCR_GP3_OLD; APM_L1.GBTO_REPLAY; APM_L3.GBTO_CASH.EUROPE; AP_GCR_NXS; AP_GCR_IDT; AP_GCR_GDT; APM_GCR_PFI; APM_GCR_OIB; APM_GCR_M1F; AP_GCR_SOX; AP_GCR_GCA; AP_GCR_DFP; AP_GCR_B2CH_OLD; APM_GTS.SEC.STS_ILU; APM_L1.GBTO_X.ONE.L1; APM_L3.GBTO.EUR_CG.X.ONE.CL.EUR; APM_L1.SGRF_MCF.L1; AP_GCR_SLA; APT_SDS_NONPRD; AP_GCR_PEA; APM_GCR_PTF; AP_GCR_CTG; APM_L1.GBTO_EOLE.ALISE.GATE.L1; MUT_GCR_ORACLE; APM_L1.SGRF_CRISTAL.PFP.ELAPS; AP_GCR_MTX; AP_GCR_APD; APM_L1.GBTO_LOAN.IQ; AP_GCR_TPR; APM_L3.GBTO.EUR_CG.X.ONE.CL.EUR.IAAS,/orgs/1/sec_policy/draft/label_groups/3cea9e75-f14c-4605-932b-81373d10ebb2
KPI_SUB_ENTITY_GBIS-GBSU.CLD-LGA,app,,APM_L1.GBTO_BDR; APM_L3.GBTO.EUR_CG.BDR; APM_L3.GBTO.EUR_CG.BDR.IAAS,,APM_L3.GBTO.EUR_CG.BDR; APM_L3.GBTO.EUR_CG.BDR.IAAS; APM_L1.GBTO_BDR,/orgs/1/sec_policy/draft/label_groups/a645b6bd-da71-4a4e-bbe2-13a6fb2714b9
APPGROUP_VITAL-LGA,app,"LG conatining Application Labels that inhirit VITAL GTS Infra rules (Bouquets VITAL)
This APPGROUP shall contain only Application Labels for IAS scopes (Rebounds / SSHKIT / Admin).
DO NOT PUT BUSINESS APPLICATIONS INSIDE THIS GROUP.",,APPGROUP_L1.GTE-LGA,CSM_SYS_SSK.IDM; APM_GCR_BCA; APM_AFMO_SGSN.DPWORLD.N80; APM_AFMO_SGSN.DOCUBASE.N90; CSM_SEC_SEPM.WW; CSM_BCK_FRA.NETWORKER.2; CSM_BCK_VERITAS.NETBACKUP; CSM_SYS_WW.PUPPET.AAS; CSM_RBD_PAS.MDW.CACHE_ALL; APM_GTS_MS.WINDOWS.INFRASTRUCTURE; APM_GBTO_CHR.ROOM; APM_RBS_iGDS; CSM_BCK_FRA.NETWORKER; CSM_RBD_CYBERARK.STANDARD.FRA.GTS; APM_CFT_LS.OSAM; APM_IBFS_SGEF.PL.WEBCON.EGH; CSM_AUTH_AMER.IDM.PLT; APM_GBTO_CHR.N-TIER.IAAS; APM_GTS_FRA.GWIM.GLOBAL.WINDOWS.MASTER; CSM_RBD_CYBERARK.STANDARD.ASIA.GTS; APM_CTX_FRA.CTX.WORKER.XONE; APM_GBTO_CHR.N-TIER; APM_GTS_OBJECT.STORAGE.RP.LOW.AMER; APM_GBTO_CG.NG.OIB; APM_GTS.SEC.STS_DATA4SEC; APM_CTX_FRA.CTX.WORKER.ERG; APM_GTS.ACS_FRA.OUD.PLT.MKT; APM_GTS.SEC.DSS_VARONIS.CORP; APM_GTS_CG.CITRIX.ACCESS.CHAIN; APM_RBS_CREDIT360; APM_GTS.SEC.SCS_HASHICORP.CP.MYVAULT; APM_IBFS_SGEF.IT.TASKIT.TAT; APM_GBTO_CHR.STAFF.REGISTRATION.TOOL.IAAS; APM_GTS.SEC.STS_MYFLOWS; CSM_MON_IAS.SYS.STARMON; APM_CFT_CHR.SCREENING.ALERTS.STA.IAAS; APM_GTS_CG.FRA.SET; APM_GBTO_BANCS.CASH.BCH.IAAS; APM_CFT_CHR.STPA; APM_AFMO_SGSN.MERCI.N63; APM_ASSU_CHR.ASSUREX; APM_GTS.SEC.DVF_AMER.IDM.MKT; APM_L1.GBTO_CG.L1.BAD.BSS; APM_GBTO_CHR.ALLTRA; APM_CFT_LS.MINT.IAAS; CSM_DBA_GTS.ADB.ORACLE.FRA; APM_GTS.ACS_AMER.OUD.PLT.MKT; CSM_RBD_SEC.ACS.LDO_ALL; CSM_MGT_FRA.ADMIN.INFRA.MAINFRAME.SAIZ; CSM_ADMIN_IAS.WINDOWS_ALL; APM_GCR_CLS.CONTROL.BRANCH; CSM_DEP_FRA.SCCM.CORP; APM_GBTO_CHR.ROOM.IAAS; APM_GTS.SEC.DVF_AMER.LDO; APM_L1.GBTO_CG.L1.BAD.SST; APM_AFMO_SGSN.SAFECLEAR.N64; APM_IBFS_SGEF.IT.WINTIME.WTM; APM_GTS_DWS.FR; CSM_BCK_FRA.TSM.RBDF; APM_GTS.SEC.DSS_VARONIS.ITIM; CSM_ADMIN_IAS.LINUX_ALL; CSM_SYS_VIRTUAL.MACHINE.SERVER.MEDIUM; APM_GTS_SNORF; APM_L3.SGRF.EUR_CG.CFT.CFY; APM_AFMO_SGSN.BANQUEPRIVEE.N86; CSM_BATCH_FRA.CONTROLM.BDDF; APM_GBTO_ISI; MUT_GCR_ORACLE; CSM_RBD_SEC.ACS.IRU_ALL; APM_GTS_NAS.SERVERS; CSM_AUTH_ASIA.IDM.PLT; APM_GTS_OBJECT.STORAGE.RP.STANDARD.AMER; APM_RCR_PUMA.BDDF; APM_CFT_CHR.TALKS; CSM_NET_FRA.PEPSY.ROUGE.DHCP; CSM_NET_DHCP.NDQ.GSC; CSM_DBA_GTS.ADB.POSTGRES.AMER; APM_RBS_CREDIT360.IAAS; CSM_RBD_CYBERARK.STANDARD.GSC.BUSU; APM_CFT_CHR.STAR; SSM_RBD_CYBERARK.AMER; CSM_MON_MS.WIN.CORE.INFRA.MARACIAAS; CSM_DBA_GTS.PCP.RP; CSM_DEP_MASTER.UNIX.SATELLITE.CAPSULES; CSM_AUTH_FRA.IDM.PLT; APM_L1.SGRF_SGTALK.VOX.L1; APM_L1.SWIFT_SWIFT.STARS.L1; APM_IBFS_SGEF.PL.CD3.EGJ; APM_AFMO_SGSN.IMAGES.CHEQUES.N92; CSM_RBD_PAS.BDT_ALL; APM_IBFS_SGEF.IT.ACROS.AOS; APM_CFT_LS.MINT; APM_AFMO_SGSN.SOGESGL.N68; CSM_RBD_IAS.LINUX_ALL; MUT_SGSS_DLFR; CSM_RBD_PAS.DRE_ALL; APM_GTS.SEC.DVF_FRA.IDM.MKT; APM_RBS_DESUR.IAAS; CSM_GTS_FRA.NDG.MASTERING.INFRA; APM_CTX_FRA.CTX.WORKER.BDR; APM_IBFS_SGEF.IT.BOARD.GIB; APM_L1.SGRF_BASYLIQ.BYQ; CSM_RBD_PAS.MDW.WAS_ALL; SSM_GTS_CG.FRA.WEBSPHERE; APM_RCR_APM.MUT; APM_GCR_PTF; APM_GTS_WW.POSTGRE.CLOUD.PLATFORM.RP; APM_GTS.SEC.STS_DATA4SEC.DOC; CSM_GTS_DLP.MAIN.DLP; APM_GBTO_CHR.JEDEAI; APM_GCR_SRG.BIR; APM_CTX_FRA.CTX.WORKER.LOAN.IQ; APM_CTX_FRA.CTX.WORKER.ELIOT; APM_GTS_CG.FRA.AUTOSYS; APM_L1.SGRF_SGTALK.SGT.L1; CSM_NET_DNS.INFRASTRUCTUR; CSM_RBD_CYBERARK.ALERO.GTS; CSM_RBD_CYBERARK.PREMIUM.SABA.GTS; APM_GTS_DLP.MAIL.PREVENT; APM_GCR_PFI; CSM_SEC_SGCONNECT.L1; CSM_RBD_CYBERARK.MVS.ADMIN; APM_GTS.SEC.SCS_PKC; CSM_RBD_PAS.MDW.MTS.MOM_ALL; APM_GBTO_CHR.STAFF.REGISTRATION.TOOL; APM_AFMO_SGSN.LOCOMOTIV.N71; CSM_SYS_UNIX.SERVER; CSM_RBD_CYBERARK.STANDARD.UK.BUSU; APM_IBFS_SGEF.PL.EGERIA.EGI; APM_GCR_E.CASH; APM_GBTO_CHR.IDL.COCKPIT.IAAS; APM_GCR_M1F; APM_CFT_CHR.GIZEH; CSM_RBD_SEC.ACS.DSI.DMZ; CSM_RBD_CYBERARK.STANDARD.GSC.GTS; APM_GCR_OIB; APM_AFMO_SGSN.KCP.N91; APM_RBS_FACTOBOT; APM_GTS.SEC.STS_DATA4SEC.MONITORING; CSM_RBD_IAS.AIX_ALL; APM_GTS_AD.REMDIATION.PATH; APM_L1.SGRF_MCF.L1; CSM_RBD_PAS.MDW.CTN_ALL; APM_GTS_LUIGI.DWF.MIGRATION.FACTORY; MUT_GCR_MQ; APM_GBTO_CHR.NCI.IAAS; APM_GTS_FRA.ADMIN.TERADATA; APM_GTS_AIX.INFRA.SERVER.IAS.SYS; APM_L1.GBTO_CHR.GP4; APM_L1.SGRF_SAFIR.CREDIT.RISK.L1; CSM_RBD_CYBERARK.MVS.BUSU; APM_RCR_CIRCULARISATION.PM; APM_GCR_E.CASH.IAAS; CSM_SYS_SSHKIT.SSK; APM_GTS_DWS.WKS.FR; CSM_RBD_IAS.WINDOWS_ALL; CSM_L3.SABA.AMER.VMREBOUNDS_PAS.DRE.ADB; APM_CFT_CHR.AQA; APM_CFT_CHR.AIMS.GEN2; CSM_RBD_PAS.ADB_ALL; APM_GTS.PAS_EXACC; CSM_CTX_FRA.CTX.PUBLISHED.DESKTOP; APM_GTS_CYBERARK.YOGA.MAINFRAME; CSM_RBD_CYBERARK.STANDARD.UK.GTS; APM_CFT_CHR.EXP; CSM_SYS-NTS_1326_DEV-WINDOWS.CORE.INFRA; APM_L1.SGRF_SGTALK.MNR.L1; CSU_GTS_PPAAS_ALL; CSM_RBD_SEC.SCS_ALL; CSM_RBD_CYBERARK.STANDARD.ASIA.BUSU; APM_GTS.SEC.STS_ILU; APM_RBS_PED; CSM_RBD_SEC.ACS.OUD_ALL; CSM_RBD_CYBERARK.PREMIUM.SABA.BUSU; APM_GBTO_BANCS.CASH.BCH; APM_L1.DDS.EUR_CG.SMARTPROXY; APM_RBS_DESUR; APM_RBS_FACTOBOT.IAAS; APM_L1.GBTO_CHR.GP4.IAAS; APM_GTS.AMER_CG.AUTOSYS.AMER; APM_L1.SGRF_SGTALK.DIG.L1; APM_RCR_TDP; APM_L1.GBTO_ELIOT.L1; APM_L1.SWIFT_SWIFT.SWING.L1; TST_GTS_ILU; CSM_BCK_FRA.NETWORKER.GSC; APM_CFT_CHR.STAR.IAAS; CSM_SEC_SEPM.GSC; CSM_RBD_CYBERARK.STANDARD.FRA.BUSU; APM_GTS.SEC.SCS_PKC.IAAS; APM_AFMO_SGSN.HATARI.N87; APM_L1.GBTO_X.ONE.L1; APM_CFT_LS.OSAM.IAAS; APM_GTS_CG.FRA.FTR; APM_GBTO_CHR.IDL.COCKPIT; APM_CFT_CHR.SCREENING.ALERTS.STA; APM_L1.SGRF_GED.ACA.L1; CSM_RBD_SEC.ACS.LDD_ALL; CSM_GTS_IAS.SBS.LINUX; APM_L1.GBTO_EOLE.ALISE.GATE.L1; APM_GTS.SEC.DSS_VARONIS.EMEA; APM_GTS_IAS.CTS.HARDWARE.PLATEFORM.SERVICE; APM_CFT_CHR.AIMS.GEN1; APM_GBTO_CHR.NCI; APM_GCR_SIB; APM_L1.SGRF_GRC.L1; APM_GTS_DLP.MAIL.PREVENT.NPA; APM_GTS_CG.NEWFED; APM_CFT_CHR.TALKS.IAAS,/orgs/1/sec_policy/draft/label_groups/8c024cc0-be14-41ee-9c23-adba51d8e14d
KPI_SUB_ENTITY_GBIS-SGSS-LGA,app,For KPI calculation purpose. Label group that contain Application Labels part of SGSS Sub-entity,APM_GCR_PTF; APM_GCR_SIB; APM_GBTO_BANCS.CASH.BCH; APM_GCR_OIB; APM_GBTO_CG.NG.OIB; MUT_SGSS_DLFR; MUT_GCR_ORACLE; APM_GCR_PFI; APM_GCR_BCA; APM_L3.GBTO.EUR_CG.E.SETTLEMENT; APM_L3.GBTO.EUR_CG.GSP.T2S; APM_L3.GBTO.EUR_CG.E.FUND.ORDER; APM_L3.GBTO.EUR_CG.SORA; APM_GCR_E.CASH; APM_GBTO_ISI; APM_GCR_E.CASH.IAAS; APM_L3.GBTO.EUR_CG.E.FUND.ORDER.IAAS; APM_L3.GBTO.EUR_CG.E.SETTLEMENT.IAAS; APM_L3.GBTO.EUR_CG.SORA.IAAS; APM_GBTO_BANCS.CASH.BCH.IAAS; APM_L3.GBTO.EUR_CG.GSP.T2S.IAAS,,APM_L3.GBTO.EUR_CG.GSP.T2S; APM_GBTO_ISI; APM_GCR_PTF; APM_GCR_SIB; APM_GBTO_BANCS.CASH.BCH; APM_L3.GBTO.EUR_CG.E.FUND.ORDER.IAAS; APM_L3.GBTO.EUR_CG.SORA.IAAS; APM_GCR_OIB; MUT_SGSS_DLFR; APM_L3.GBTO.EUR_CG.SORA; APM_GCR_E.CASH; APM_L3.GBTO.EUR_CG.E.SETTLEMENT.IAAS; APM_GBTO_BANCS.CASH.BCH.IAAS; MUT_GCR_ORACLE; APM_GCR_PFI; APM_GCR_BCA; APM_GCR_E.CASH.IAAS; APM_L3.GBTO.EUR_CG.GSP.T2S.IAAS; APM_GBTO_CG.NG.OIB; APM_L3.GBTO.EUR_CG.E.SETTLEMENT; APM_L3.GBTO.EUR_CG.E.FUND.ORDER,/orgs/1/sec_policy/draft/label_groups/3f8975e0-463c-4ea1-a8d5-92497a96bc36
KPI_RUN.LEVEL_HIGH-LGA,app,,APM_AFMO_SGSN.DPWORLD.N80; CSM_GTS_FRA.NDG.MASTERING.INFRA; SSM_RBD_CYBERARK.AMER; CSM_RBD_CYBERARK.STANDARD.GSC.GTS; CSM_RBD_IAS.AIX_ALL; APM_AFMO_SGSN.MERCI.N63; CSM_BCK_FRA.NETWORKER; APM_GTS.SEC.STS_ILU; APM_RCR_TDP; APM_AFMO_SGSN.HATARI.N87; APM_AFMO_SGSN.LOCOMOTIV.N71; APM_AFMO_SGSN.SOGESGL.N68; CSM_CTX_FRA.CTX.PUBLISHED.DESKTOP; CSM_RBD_CYBERARK.PREMIUM.SABA.GTS; CSM_RBD_IAS.LINUX_ALL; APM_IBFS_SGEF.IT.BOARD.GIB; APM_RCR_PUMA.BDDF; CSM_NET_DHCP.NDQ.GSC; CSM_RBD_CYBERARK.STANDARD.ASIA.GTS; APM_AFMO_SGSN.SAFECLEAR.N64; APM_GTS_AD.REMDIATION.PATH; APM_RCR_CIRCULARISATION.PM; APM_GTS_CG.CITRIX.ACCESS.CHAIN; APM_IBFS_SGEF.IT.TASKIT.TAT; CSM_RBD_CYBERARK.PREMIUM.SABA.BUSU; CSM_SYS_SSHKIT.SSK; APM_GCR_SRG.BIR; APM_IBFS_SGEF.IT.ACROS.AOS; CSM_RBD_CYBERARK.STANDARD.FRA.BUSU; APM_RCR_IFIMM.INFOCENTRE; CSM_BCK_FRA.NETWORKER.GSC; CSM_RBD_CYBERARK.STANDARD.FRA.GTS; APM_GCR_CLS.CONTROL.BRANCH; APM_GBTO_CHR.NCI; CSM_NET_FRA.PEPSY.ROUGE.DHCP; CSM_RBD_CYBERARK.STANDARD.ASIA.BUSU; CSM_RBD_CYBERARK.STANDARD.GSC.BUSU; CSM_RBD_IAS.WINDOWS_ALL; APM_GCR_BCA; APM_IBFS_SGEF.IT.WINTIME.WTM; APM_GBTO_CHR.NCI.IAAS,,APM_GTS.SEC.STS_ILU; APM_RCR_PUMA.BDDF; APM_RCR_CIRCULARISATION.PM; CSM_SYS_SSHKIT.SSK; APM_GBTO_CHR.NCI; CSM_RBD_IAS.WINDOWS_ALL; APM_AFMO_SGSN.DPWORLD.N80; APM_AFMO_SGSN.HATARI.N87; CSM_RBD_CYBERARK.STANDARD.ASIA.BUSU; CSM_RBD_CYBERARK.STANDARD.GSC.BUSU; CSM_GTS_FRA.NDG.MASTERING.INFRA; CSM_BCK_FRA.NETWORKER; APM_RCR_TDP; APM_AFMO_SGSN.SOGESGL.N68; APM_IBFS_SGEF.IT.WINTIME.WTM; APM_AFMO_SGSN.MERCI.N63; CSM_RBD_IAS.LINUX_ALL; CSM_NET_DHCP.NDQ.GSC; APM_AFMO_SGSN.SAFECLEAR.N64; APM_GTS_AD.REMDIATION.PATH; CSM_RBD_CYBERARK.PREMIUM.SABA.BUSU; APM_RCR_IFIMM.INFOCENTRE; APM_GBTO_CHR.NCI.IAAS; SSM_RBD_CYBERARK.AMER; CSM_CTX_FRA.CTX.PUBLISHED.DESKTOP; CSM_RBD_CYBERARK.PREMIUM.SABA.GTS; CSM_BCK_FRA.NETWORKER.GSC; CSM_NET_FRA.PEPSY.ROUGE.DHCP; APM_GCR_BCA; APM_AFMO_SGSN.LOCOMOTIV.N71; APM_IBFS_SGEF.IT.BOARD.GIB; APM_GTS_CG.CITRIX.ACCESS.CHAIN; CSM_RBD_CYBERARK.STANDARD.FRA.GTS; CSM_RBD_CYBERARK.STANDARD.GSC.GTS; APM_GCR_SRG.BIR; APM_IBFS_SGEF.IT.TASKIT.TAT; CSM_RBD_CYBERARK.STANDARD.ASIA.GTS; APM_IBFS_SGEF.IT.ACROS.AOS; CSM_RBD_CYBERARK.STANDARD.FRA.BUSU; APM_GCR_CLS.CONTROL.BRANCH; CSM_RBD_IAS.AIX_ALL,/orgs/1/sec_policy/draft/label_groups/c436d0f7-7f37-4d47-b2e8-4ddef1b8f627
KPI_BUILD_AGENT.INSTALLATION-LGA,app,"For following up build life cycle of one application, Application Label shall be included inside this Label Group since creation, until starting rules creation",APM_GBTO_CHR.STAFF.REGISTRATION.TOOL; APM_GBTO_CHR.STAFF.REGISTRATION.TOOL.IAAS,,APM_GBTO_CHR.STAFF.REGISTRATION.TOOL; APM_GBTO_CHR.STAFF.REGISTRATION.TOOL.IAAS,/orgs/1/sec_policy/draft/label_groups/4d8f9bf1-b7b9-45be-bba7-6d7e0139e666
L3.NSAL3P.GTS.HSM.DATA.DC5_KMP.HSM.DATA.DC5-LGA,app,,,,,/orgs/1/sec_policy/draft/label_groups/4a89e106-8571-472d-9031-69dcd79f1611
APPGROUP_BOUQUET.ESSENTIAL.L1-LGA,app,,,,,/orgs/1/sec_policy/draft/label_groups/9494b495-46e2-4400-aaef-f7af4f1c66eb
LUIGI_SGEF.IT-LGA,app,LUIGI label group for SGEF Italy entity,APM_IBFS_SGEF.IT.ACROS.AOS; APM_IBFS_SGEF.IT.TASKIT.TAT; APM_IBFS_SGEF.IT.BOARD.GIB; APM_IBFS_SGEF.IT.WINTIME.WTM,,APM_IBFS_SGEF.IT.BOARD.GIB; APM_IBFS_SGEF.IT.WINTIME.WTM; APM_IBFS_SGEF.IT.ACROS.AOS; APM_IBFS_SGEF.IT.TASKIT.TAT,/orgs/1/sec_policy/draft/label_groups/838410cd-89cf-4240-8383-85055d1dbc72
APPGROUP_L1.GTE-LGA,app,"LGA conatining App Labels that inhirit VITAL and ESSENTIAL GTS Infra rules (Bouquet Vital+Essential)
This LGA is included under APPGROUP_BOUQUET.VITAL-LGA
Shall contain only IAS Application Labels
DO NOT PUT BUSINESS APPLICATIONS INSIDE THIS APPGROUP",CSM_BATCH_FRA.CONTROLM.BDDF; APM_GTS.SEC.STS_ILU; CSM_SYS-NTS_1326_DEV-WINDOWS.CORE.INFRA; CSM_RBD_PAS.DRE_ALL; CSM_BCK_FRA.NETWORKER; APM_GTS.SEC.DSS_VARONIS.ITIM; CSM_SYS_SSHKIT.SSK; CSM_AUTH_AMER.IDM.PLT; CSM_SEC_SGCONNECT.L1; SSM_RBD_CYBERARK.AMER; CSM_DEP_FRA.SCCM.CORP; CSM_RBD_PAS.MDW.CTN_ALL; CSM_RBD_SEC.ACS.IRU_ALL; CSM_CTX_FRA.CTX.PUBLISHED.DESKTOP; CSM_DEP_MASTER.UNIX.SATELLITE.CAPSULES; APM_GTS.ACS_FRA.OUD.PLT.MKT; CSM_RBD_IAS.LINUX_ALL; CSM_SYS_UNIX.SERVER; APM_GTS_LUIGI.DWF.MIGRATION.FACTORY; CSM_ADMIN_IAS.LINUX_ALL; APM_GTS.SEC.STS_MYFLOWS; CSM_SEC_SEPM.WW; APM_GTS.SEC.DVF_AMER.LDO; CSM_RBD_SEC.ACS.LDD_ALL; APM_GTS_NAS.SERVERS; CSM_RBD_PAS.ADB_ALL; CSM_RBD_SEC.ACS.LDO_ALL; CSM_AUTH_FRA.IDM.PLT; APM_GTS_FRA.ADMIN.TERADATA; APM_GTS.SEC.SCS_PKC; APM_GTS_AIX.INFRA.SERVER.IAS.SYS; CSM_NET_FRA.PEPSY.ROUGE.DHCP; CSM_RBD_SEC.ACS.OUD_ALL; CSM_RBD_CYBERARK.MVS.ADMIN; CSM_RBD_SEC.ACS.DSI.DMZ; CSM_SEC_SEPM.GSC; APM_GTS_FRA.GWIM.GLOBAL.WINDOWS.MASTER; CSM_GTS_FRA.NDG.MASTERING.INFRA; CSM_RBD_PAS.MDW.MTS.MOM_ALL; APM_GTS.SEC.DSS_VARONIS.CORP; CSM_AUTH_ASIA.IDM.PLT; APM_GTS_WW.POSTGRE.CLOUD.PLATFORM.RP; APM_GTS_DWS.WKS.FR; APM_GTS_DWS.FR; APM_GTS.PAS_EXACC; APM_GTS_CYBERARK.YOGA.MAINFRAME; CSM_RBD_IAS.WINDOWS_ALL; APM_GTS.SEC.STS_DATA4SEC; APM_CTX_FRA.CTX.WORKER.LOAN.IQ; CSM_MGT_FRA.ADMIN.INFRA.MAINFRAME.SAIZ; APM_CTX_FRA.CTX.WORKER.BDR; MUT_GCR_ORACLE; APM_GTS.SEC.DSS_VARONIS.EMEA; TST_GTS_ILU; CSM_NET_DHCP.NDQ.GSC; MUT_GCR_MQ; CSM_RBD_PAS.MDW.CACHE_ALL; CSM_RBD_IAS.AIX_ALL; CSM_BCK_FRA.NETWORKER.GSC; CSM_NET_DNS.INFRASTRUCTUR; APM_GTS_MS.WINDOWS.INFRASTRUCTURE; CSM_RBD_CYBERARK.ALERO.GTS; CSM_RBD_PAS.BDT_ALL; CSM_BCK_FRA.TSM.RBDF; CSM_MON_MS.WIN.CORE.INFRA.MARACIAAS; CSM_BCK_VERITAS.NETBACKUP; CSM_ADMIN_IAS.WINDOWS_ALL; APM_GTS_AD.REMDIATION.PATH; CSU_GTS_PPAAS_ALL; CSM_BCK_FRA.NETWORKER.2; APM_GTS.SEC.STS_DATA4SEC.DOC; MUT_SGSS_DLFR; CSM_RBD_CYBERARK.MVS.BUSU; CSM_RBD_SEC.SCS_ALL; CSM_RBD_PAS.MDW.WAS_ALL; CSM_SYS_VIRTUAL.MACHINE.SERVER.MEDIUM; APM_GTS_SNORF; CSM_GTS_IAS.SBS.LINUX; CSM_RBD_CYBERARK.STANDARD.GSC.GTS; CSM_RBD_CYBERARK.STANDARD.FRA.GTS; CSM_RBD_CYBERARK.PREMIUM.SABA.GTS; CSM_RBD_CYBERARK.STANDARD.FRA.BUSU; CSM_RBD_CYBERARK.STANDARD.ASIA.BUSU; CSM_RBD_CYBERARK.PREMIUM.SABA.BUSU; CSM_RBD_CYBERARK.STANDARD.GSC.BUSU; CSM_RBD_CYBERARK.STANDARD.ASIA.GTS; CSM_RBD_CYBERARK.STANDARD.UK.BUSU; CSM_RBD_CYBERARK.STANDARD.UK.GTS; APM_CTX_FRA.CTX.WORKER.ELIOT; APM_CTX_FRA.CTX.WORKER.XONE; APM_GTS.SEC.DVF_FRA.IDM.MKT; APM_GTS.SEC.DVF_AMER.IDM.MKT; CSM_SYS_WW.PUPPET.AAS; CSM_MON_IAS.SYS.STARMON; APM_GTS.SEC.STS_DATA4SEC.MONITORING; APM_GTS.SEC.SCS_HASHICORP.CP.MYVAULT; APM_GTS_DLP.MAIL.PREVENT.NPA; APM_GTS.ACS_AMER.OUD.PLT.MKT; APM_GTS_CG.NEWFED; APM_GTS_CG.FRA.AUTOSYS; APM_GTS_CG.CITRIX.ACCESS.CHAIN; APM_GTS_CG.FRA.FTR; APM_GTS_DLP.MAIL.PREVENT; CSM_GTS_DLP.MAIN.DLP; SSM_GTS_CG.FRA.WEBSPHERE; APM_CTX_FRA.CTX.WORKER.ERG; CSM_DBA_GTS.PCP.RP; APM_GTS_CG.FRA.SET; APM_GTS_IAS.CTS.HARDWARE.PLATEFORM.SERVICE; CSM_SYS_SSK.IDM; CSM_DBA_GTS.ADB.POSTGRES.AMER; CSM_DBA_GTS.ADB.ORACLE.FRA; CSM_L3.SABA.AMER.VMREBOUNDS_PAS.DRE.ADB; APM_GTS.AMER_CG.AUTOSYS.AMER; APM_GTS_OBJECT.STORAGE.RP.LOW.AMER; APM_GTS_OBJECT.STORAGE.RP.STANDARD.AMER; APM_GTS.SEC.SCS_PKC.IAAS,APPGROUP_L1.BUSINESS-LGA,APM_GBTO_CHR.IDL.COCKPIT; APM_AFMO_SGSN.DPWORLD.N80; APM_AFMO_SGSN.HATARI.N87; APM_L1.GBTO_CG.L1.BAD.SST; APM_AFMO_SGSN.MERCI.N63; APM_AFMO_SGSN.LOCOMOTIV.N71; APM_GBTO_CHR.ALLTRA; CSM_AUTH_ASIA.IDM.PLT; APM_GTS_DWS.WKS.FR; CSM_RBD_CYBERARK.ALERO.GTS; CSM_MON_MS.WIN.CORE.INFRA.MARACIAAS; SSM_RBD_CYBERARK.AMER; CSM_MON_IAS.SYS.STARMON; APM_GTS_DLP.MAIL.PREVENT.NPA; CSM_L3.SABA.AMER.VMREBOUNDS_PAS.DRE.ADB; APM_CFT_LS.MINT; CSM_ADMIN_IAS.LINUX_ALL; CSM_RBD_PAS.ADB_ALL; APM_IBFS_SGEF.PL.WEBCON.EGH; APM_CFT_LS.MINT.IAAS; CSM_DBA_GTS.PCP.RP; APM_RCR_PUMA.BDDF; APM_GTS.ACS_FRA.OUD.PLT.MKT; APM_RBS_PED; CSM_RBD_CYBERARK.STANDARD.GSC.GTS; APM_GTS_DWS.FR; APM_CTX_FRA.CTX.WORKER.BDR; CSM_RBD_CYBERARK.STANDARD.FRA.BUSU; APM_GTS_CG.FRA.SET; CSM_SEC_SEPM.GSC; APM_AFMO_SGSN.DOCUBASE.N90; APM_RBS_CREDIT360.IAAS; APM_L1.SGRF_MCF.L1; APM_GCR_SRG.BIR; APM_GCR_E.CASH; APM_AFMO_SGSN.SAFECLEAR.N64; CSM_DBA_GTS.ADB.ORACLE.FRA; APM_AFMO_SGSN.SOGESGL.N68; APM_IBFS_SGEF.IT.TASKIT.TAT; APM_L1.SWIFT_SWIFT.SWING.L1; CSM_BCK_FRA.NETWORKER.GSC; APM_GTS_AD.REMDIATION.PATH; APM_GCR_OIB; APM_GBTO_BANCS.CASH.BCH.IAAS; CSM_RBD_IAS.LINUX_ALL; CSM_RBD_CYBERARK.STANDARD.UK.GTS; APM_GCR_M1F; APM_AFMO_SGSN.IMAGES.CHEQUES.N92; APM_GTS.ACS_AMER.OUD.PLT.MKT; CSM_RBD_IAS.AIX_ALL; CSM_BCK_VERITAS.NETBACKUP; CSM_RBD_PAS.MDW.WAS_ALL; CSM_SYS_SSK.IDM; APM_GTS_WW.POSTGRE.CLOUD.PLATFORM.RP; APM_CFT_CHR.TALKS.IAAS; APM_CFT_LS.OSAM.IAAS; APM_L1.SGRF_SGTALK.MNR.L1; CSM_DEP_FRA.SCCM.CORP; APM_RCR_CIRCULARISATION.PM; APM_GTS.SEC.DSS_VARONIS.ITIM; APM_RBS_CREDIT360; APM_CFT_CHR.EXP; CSM_RBD_CYBERARK.STANDARD.ASIA.GTS; APM_GTS_FRA.GWIM.GLOBAL.WINDOWS.MASTER; CSM_ADMIN_IAS.WINDOWS_ALL; APM_GBTO_CHR.ROOM.IAAS; APM_GTS.SEC.DSS_VARONIS.CORP; CSM_SEC_SGCONNECT.L1; CSM_CTX_FRA.CTX.PUBLISHED.DESKTOP; CSM_RBD_PAS.MDW.MTS.MOM_ALL; CSM_MGT_FRA.ADMIN.INFRA.MAINFRAME.SAIZ; APM_GTS.SEC.STS_DATA4SEC.DOC; APM_CFT_CHR.TALKS; APM_AFMO_SGSN.BANQUEPRIVEE.N86; APM_GCR_PFI; CSM_SYS_UNIX.SERVER; APM_GTS_OBJECT.STORAGE.RP.STANDARD.AMER; CSM_RBD_CYBERARK.STANDARD.ASIA.BUSU; MUT_GCR_ORACLE; TST_GTS_ILU; APM_GTS_CG.FRA.AUTOSYS; APM_L1.GBTO_X.ONE.L1; CSM_DEP_MASTER.UNIX.SATELLITE.CAPSULES; APM_GBTO_CHR.STAFF.REGISTRATION.TOOL.IAAS; CSM_RBD_SEC.ACS.LDO_ALL; APM_GTS.SEC.DVF_FRA.IDM.MKT; APM_GTS_OBJECT.STORAGE.RP.LOW.AMER; APM_IBFS_SGEF.IT.ACROS.AOS; CSM_RBD_SEC.ACS.LDD_ALL; APM_L1.SGRF_SGTALK.SGT.L1; APM_IBFS_SGEF.PL.EGERIA.EGI; APM_GTS.SEC.STS_MYFLOWS; CSM_RBD_SEC.ACS.OUD_ALL; APM_GTS.PAS_EXACC; APM_CFT_CHR.AIMS.GEN2; APM_RBS_FACTOBOT.IAAS; APM_GTS_AIX.INFRA.SERVER.IAS.SYS; CSM_GTS_FRA.NDG.MASTERING.INFRA; APM_L1.GBTO_CHR.GP4; APM_L1.GBTO_CHR.GP4.IAAS; APM_L1.GBTO_ELIOT.L1; APM_IBFS_SGEF.PL.CD3.EGJ; APM_GBTO_CHR.IDL.COCKPIT.IAAS; CSM_RBD_PAS.DRE_ALL; CSM_RBD_SEC.SCS_ALL; APM_GTS_DLP.MAIL.PREVENT; APM_CTX_FRA.CTX.WORKER.ERG; APM_CFT_LS.OSAM; CSM_SYS_SSHKIT.SSK; APM_L1.SGRF_SAFIR.CREDIT.RISK.L1; APM_GBTO_CHR.STAFF.REGISTRATION.TOOL; APM_L1.GBTO_CG.L1.BAD.BSS; APM_AFMO_SGSN.KCP.N91; CSM_RBD_CYBERARK.PREMIUM.SABA.GTS; APM_GBTO_CHR.ROOM; APM_GCR_PTF; APM_GTS.SEC.DSS_VARONIS.EMEA; APM_L1.SGRF_SGTALK.DIG.L1; APM_CFT_CHR.SCREENING.ALERTS.STA.IAAS; CSU_GTS_PPAAS_ALL; APM_GTS_CG.FRA.FTR; CSM_RBD_IAS.WINDOWS_ALL; CSM_BCK_FRA.TSM.RBDF; CSM_BCK_FRA.NETWORKER.2; APM_CTX_FRA.CTX.WORKER.ELIOT; CSM_RBD_PAS.MDW.CTN_ALL; APM_RBS_DESUR; APM_L1.SGRF_BASYLIQ.BYQ; APM_GBTO_CHR.N-TIER.IAAS; CSM_RBD_PAS.BDT_ALL; CSM_GTS_IAS.SBS.LINUX; APM_L1.DDS.EUR_CG.SMARTPROXY; CSM_NET_FRA.PEPSY.ROUGE.DHCP; CSM_NET_DHCP.NDQ.GSC; CSM_SYS_WW.PUPPET.AAS; APM_CFT_CHR.GIZEH; APM_RBS_FACTOBOT; CSM_SEC_SEPM.WW; CSM_RBD_CYBERARK.PREMIUM.SABA.BUSU; APM_GTS.SEC.STS_DATA4SEC.MONITORING; APM_GBTO_CHR.NCI; APM_GBTO_ISI; APM_GTS.SEC.SCS_PKC; APM_CFT_CHR.STAR; CSM_RBD_CYBERARK.STANDARD.UK.BUSU; MUT_SGSS_DLFR; APM_GTS.SEC.SCS_HASHICORP.CP.MYVAULT; APM_GTS_CG.CITRIX.ACCESS.CHAIN; APM_GTS.SEC.STS_DATA4SEC; CSM_AUTH_AMER.IDM.PLT; APM_CTX_FRA.CTX.WORKER.LOAN.IQ; APM_GBTO_BANCS.CASH.BCH; APM_L3.SGRF.EUR_CG.CFT.CFY; APM_GCR_E.CASH.IAAS; APM_ASSU_CHR.ASSUREX; APM_L1.SGRF_GRC.L1; CSM_RBD_PAS.MDW.CACHE_ALL; APM_GTS_CG.NEWFED; CSM_RBD_CYBERARK.MVS.ADMIN; APM_GCR_BCA; APM_GTS.SEC.STS_ILU; APM_GBTO_CG.NG.OIB; APM_CFT_CHR.SCREENING.ALERTS.STA; APM_GTS_SNORF; APM_CTX_FRA.CTX.WORKER.XONE; APM_RCR_TDP; CSM_NET_DNS.INFRASTRUCTUR; CSM_RBD_SEC.ACS.IRU_ALL; APM_GTS.SEC.DVF_AMER.LDO; CSM_SYS-NTS_1326_DEV-WINDOWS.CORE.INFRA; APM_GTS_IAS.CTS.HARDWARE.PLATEFORM.SERVICE; APM_GTS.AMER_CG.AUTOSYS.AMER; APM_GCR_CLS.CONTROL.BRANCH; APM_IBFS_SGEF.IT.WINTIME.WTM; APM_RBS_iGDS; CSM_RBD_CYBERARK.MVS.BUSU; APM_GCR_SIB; APM_GTS.SEC.SCS_PKC.IAAS; APM_GTS_CYBERARK.YOGA.MAINFRAME; CSM_RBD_CYBERARK.STANDARD.FRA.GTS; APM_L1.GBTO_EOLE.ALISE.GATE.L1; APM_GTS_MS.WINDOWS.INFRASTRUCTURE; CSM_SYS_VIRTUAL.MACHINE.SERVER.MEDIUM; CSM_GTS_DLP.MAIN.DLP; APM_CFT_CHR.STPA; CSM_BATCH_FRA.CONTROLM.BDDF; APM_CFT_CHR.STAR.IAAS; APM_L1.SGRF_GED.ACA.L1; APM_GTS_FRA.ADMIN.TERADATA; APM_CFT_CHR.AQA; APM_GBTO_CHR.N-TIER; CSM_RBD_CYBERARK.STANDARD.GSC.BUSU; SSM_GTS_CG.FRA.WEBSPHERE; CSM_DBA_GTS.ADB.POSTGRES.AMER; CSM_BCK_FRA.NETWORKER; APM_GBTO_CHR.NCI.IAAS; APM_GTS.SEC.DVF_AMER.IDM.MKT; APM_GBTO_CHR.JEDEAI; APM_RCR_APM.MUT; CSM_AUTH_FRA.IDM.PLT; APM_GTS_NAS.SERVERS; APM_GTS_LUIGI.DWF.MIGRATION.FACTORY; CSM_RBD_SEC.ACS.DSI.DMZ; MUT_GCR_MQ; APM_CFT_CHR.AIMS.GEN1; APM_L1.SWIFT_SWIFT.STARS.L1; APM_IBFS_SGEF.IT.BOARD.GIB; APM_RBS_DESUR.IAAS; APM_L1.SGRF_SGTALK.VOX.L1,/orgs/1/sec_policy/draft/label_groups/b8165945-da96-46a4-8f1b-f027f3a39568
CS_GCR-LGA,app,Core services on GCR,CSM_BCK_FRA.NETWORKER; SS_BASTION_PAACTWIN_GCR; CSM_BCK_FRA.NETWORKER.GSC,CS_ALL-LGA,CSM_SEC_SEPM.WW; CSM_RBD_CYBERARK.STANDARD.ASIA.GTS; CSM_SEC_SEPM.GSC; CSM_RBD_CYBERARK.STANDARD.GSC.BUSU; CSM_GTS_IAS.SBS.LINUX; CSM_BCK_FRA.NETWORKER; CSM_NET_FRA.PEPSY.ROUGE.DHCP; CSM_DEP_FRA.SCCM.CORP; CTX_GCR_COMMON_DESKTOP-AG; CSM_SEC_SGCONNECT.L1; CSM_GTS_FRA.NDG.MASTERING.INFRA; CSM_RBD_CYBERARK.STANDARD.ASIA.BUSU; CSM_NET_DHCP.NDQ.GSC; SS_BASTION_PAACTWIN_GCR; CSU_MON_ZABBIX_ALL; CSM_RBD_CYBERARK.PREMIUM.SABA.BUSU; CSM_RBD_IAS.AIX_ALL; CSM_RBD_CYBERARK.STANDARD.GSC.GTS; CSM_RBD_CYBERARK.STANDARD.UK.BUSU; CSM_RBD_CYBERARK.STANDARD.FRA.GTS; CSM_RBD_CYBERARK.STANDARD.FRA.BUSU; CSM_RBD_CYBERARK.STANDARD.UK.GTS; CSM_RBD_IAS.WINDOWS_ALL; CSM_RBD_IAS.LINUX_ALL; CSM_RBD_CYBERARK.PREMIUM.SABA.GTS; CSM_BCK_FRA.NETWORKER.GSC,/orgs/1/sec_policy/draft/label_groups/455f657d-cc7b-40a9-8189-d062baa856db
L3.NSAL3P.GTS.HSM.DATA.SC2_KMP.HSM.DATA.SC2-LGA,app,,,,,/orgs/1/sec_policy/draft/label_groups/714a8632-bab1-4d4d-893e-a0e3e30287b1
KPI_SUB_ENTITY_RESG-DDS-LGA,app,For KPI calculation purpose. Label group that contain Application Labels part of DDS Sub-entity,APM_L3.SGRF_SATIS; CSM_SEC_SGCONNECT.L1; APM_L3.GBTO_SATIS; APM_L3.GBTO.EUR_CG.SATIS.L3.GBTO; APM_L3.SGRF.EUR_CG.SATIS.L3.SGRF; APM_L3.GBTO.EUR_CG.SGCONNECT.L3; APM_L3.DTZONE.EUR.FRONT.MARCOUSSIS_CG.SGCONNECT.DTZONE.FRONT.MARCOUSSIS; APM_L3.DTZONE.EUR.BACK.PANTIN_CG.SGCONNECT.DTZONE.BACK.PANTIN; APM_L3.DTZONE.EUR.FRONT.PANTIN_CG.SGCONNECT.DTZONE.FRONT.PANTIN; APM_L3.DTZONE.EUR.BACK.MARCOUSSIS_CG.SGCONNECT.DTZONE.BACK.MARCOUSSIS; APM_L3.SANA.NSAL3P.BSC.DMZ.RTFE.API_SANA.RTFE.API; APM_L1.DDS.EUR_CG.SMARTPROXY; APM_L3.SANA.DMZ.RTFE.TOOLING.AUTHENT.ISE_SANA.RTFE.TOOLING; APM_L3.SGRF.EUR_CG.SATIS.L3.SGRF.IAAS; APM_RBS_CREDIT360.IAAS,,APM_L1.DDS.EUR_CG.SMARTPROXY; APM_L3.SGRF.EUR_CG.SATIS.L3.SGRF.IAAS; APM_L3.GBTO.EUR_CG.SGCONNECT.L3; APM_L3.DTZONE.EUR.BACK.PANTIN_CG.SGCONNECT.DTZONE.BACK.PANTIN; APM_L3.DTZONE.EUR.FRONT.PANTIN_CG.SGCONNECT.DTZONE.FRONT.PANTIN; APM_L3.DTZONE.EUR.BACK.MARCOUSSIS_CG.SGCONNECT.DTZONE.BACK.MARCOUSSIS; APM_RBS_CREDIT360.IAAS; APM_L3.SGRF.EUR_CG.SATIS.L3.SGRF; APM_L3.GBTO_SATIS; APM_L3.GBTO.EUR_CG.SATIS.L3.GBTO; APM_L3.SANA.NSAL3P.BSC.DMZ.RTFE.API_SANA.RTFE.API; APM_L3.SANA.DMZ.RTFE.TOOLING.AUTHENT.ISE_SANA.RTFE.TOOLING; CSM_SEC_SGCONNECT.L1; APM_L3.DTZONE.EUR.FRONT.MARCOUSSIS_CG.SGCONNECT.DTZONE.FRONT.MARCOUSSIS; APM_L3.SGRF_SATIS,/orgs/1/sec_policy/draft/label_groups/ad2dbf79-fef1-47dd-a7bb-db0ff431f82d
CS_ALL-LGA,app,,CSM_RBD_CYBERARK.STANDARD.UK.GTS; CSM_RBD_IAS.WINDOWS_ALL; CSM_RBD_IAS.LINUX_ALL; CSM_NET_FRA.PEPSY.ROUGE.DHCP; CSM_DEP_FRA.SCCM.CORP; CSM_RBD_CYBERARK.STANDARD.FRA.BUSU; CTX_GCR_COMMON_DESKTOP-AG; CSM_SEC_SEPM.WW; CSM_SEC_SGCONNECT.L1; CSM_GTS_FRA.NDG.MASTERING.INFRA; CSM_RBD_CYBERARK.STANDARD.GSC.GTS; CSM_RBD_CYBERARK.STANDARD.ASIA.BUSU; CSM_RBD_CYBERARK.STANDARD.UK.BUSU; CSM_NET_DHCP.NDQ.GSC; CSM_RBD_CYBERARK.STANDARD.ASIA.GTS; CSM_SEC_SEPM.GSC; CSM_RBD_CYBERARK.STANDARD.FRA.GTS; CSM_RBD_CYBERARK.STANDARD.GSC.BUSU; CSM_RBD_IAS.AIX_ALL; CSU_MON_ZABBIX_ALL; CSM_RBD_CYBERARK.PREMIUM.SABA.BUSU; CSM_RBD_CYBERARK.PREMIUM.SABA.GTS; CSM_GTS_IAS.SBS.LINUX,,CTX_GCR_COMMON_DESKTOP-AG; CSM_SEC_SEPM.WW; CSM_SEC_SGCONNECT.L1; CSM_RBD_CYBERARK.STANDARD.GSC.GTS; CSM_SEC_SEPM.GSC; CSM_RBD_CYBERARK.STANDARD.FRA.GTS; CSM_RBD_CYBERARK.STANDARD.UK.GTS; CSM_RBD_CYBERARK.STANDARD.FRA.BUSU; CSM_RBD_IAS.AIX_ALL; CSM_RBD_CYBERARK.STANDARD.ASIA.BUSU; CSM_NET_DHCP.NDQ.GSC; CSM_RBD_CYBERARK.STANDARD.ASIA.GTS; CSM_GTS_IAS.SBS.LINUX; CSM_DEP_FRA.SCCM.CORP; CSM_GTS_FRA.NDG.MASTERING.INFRA; CSM_RBD_CYBERARK.STANDARD.UK.BUSU; CSM_RBD_CYBERARK.PREMIUM.SABA.GTS; CSM_RBD_IAS.LINUX_ALL; CSM_NET_FRA.PEPSY.ROUGE.DHCP; CSU_MON_ZABBIX_ALL; CSM_RBD_CYBERARK.PREMIUM.SABA.BUSU; CSM_RBD_IAS.WINDOWS_ALL; CSM_RBD_CYBERARK.STANDARD.GSC.BUSU,/orgs/1/sec_policy/draft/label_groups/2734ee53-ba65-4282-abdf-284ca8e760b5
KPI_BUILD_RULE.CREATION.VALIDATION-LGA,app,"For following up protection life cycle during Build Phase, Application Label shall be included inside this LGA since starting rules creation, until validation rules with App Team",,,,/orgs/1/sec_policy/draft/label_groups/4d68ffc6-87b3-4916-98f5-49a9ed7d5842
KPI_SUB_ENTITY_GBIS-GBSU.FTB-LGA,app,For KPI calculation purpose. Label group that contain Application Labels part of GBSU.FTB Sub-entity,APM_L1.GBTO_GL.APF.L1; APM_L1.GBTO_LOAN.IQ; APM_L3.GBTO_CASH.EUROPE; APM_L3.GBTO.EUR_CG.GL.APF; APM_L3.GBTO.EUR_CG.LOAN.IQ; APM_L3.SGRF.EUR_CG.CASH.EUROPE; APM_L3.GBTO.EUR_CG.GL.APF.IAAS; APM_L3.SGRF.EUR_CG.CASH.EUROPE.IAAS; APM_L3.GBTO.EUR_CG.LOAN.IQ.IAAS,,APM_L3.GBTO.EUR_CG.GL.APF; APM_L3.SGRF.EUR_CG.CASH.EUROPE.IAAS; APM_L3.GBTO.EUR_CG.LOAN.IQ.IAAS; APM_L1.GBTO_GL.APF.L1; APM_L1.GBTO_LOAN.IQ; APM_L3.GBTO_CASH.EUROPE; APM_L3.GBTO.EUR_CG.LOAN.IQ; APM_L3.SGRF.EUR_CG.CASH.EUROPE; APM_L3.GBTO.EUR_CG.GL.APF.IAAS,/orgs/1/sec_policy/draft/label_groups/189c315d-8cc1-4f8b-832d-42b7c87c67e2
KPI_SUB_ENTITY_IBFS-SGEF.IT-LGA,app,For KPI calculation purpose. Label group that contain Application Labels part of SGEF.IT Sub-entity,APM_IBFS_SGEF.IT.WINTIME.WTM; APM_IBFS_SGEF.IT.TASKIT.TAT; APM_IBFS_SGEF.IT.BOARD.GIB; APM_IBFS_SGEF.IT.ACROS.AOS,,APM_IBFS_SGEF.IT.BOARD.GIB; APM_IBFS_SGEF.IT.ACROS.AOS; APM_IBFS_SGEF.IT.WINTIME.WTM; APM_IBFS_SGEF.IT.TASKIT.TAT,/orgs/1/sec_policy/draft/label_groups/39a5b665-8ffc-4d20-bc3f-e54b568e631e
KPI_STRATEGY_WHITELIST-LGA,app,Import Label group through workloader,APM_GTS.SEC.SCS_PKC; APM_GTS.SEC.DSS_VARONIS.CORP; APM_GTS.SEC.DSS_VARONIS.EMEA; APM_GTS.SEC.DSS_VARONIS.ITIM; CSM_RBD_CYBERARK.ALERO.GTS; AP_GTS_ILU; APM_GTS.SEC.SCS_HASHICORP.CP.MYVAULT; APM_GTS_L1.HSM.TOOLING; CSM_GTS_DLP.MAIN.DLP; APM_GTS_DLP.MAIL.PREVENT; APM_GBTO_CHR.RFI; APM_GBTO_CHR.N-TIER; APM_CFT_LS.MINT; APM_CFT_CHR.SCREENING.ALERTS.STA; APM_CFT_LS.OSAM; APM_CFT_CHR.STAR; APM_GTS_CHR.DATA4SEC; APM_GCR_E.CASH; APM_GBTO_CHR.ALLTRA; APM_GBTO_CHR.JEDEAI; APM_GCR_CLS.CONTROL.BRANCH; APM_GCR_SRG.BIR; APM_GBTO_BANCS.CASH.BCH; APM_GCR_BCA; APM_AFMO_SGSN.DOCUBASE.N90; APM_AFMO_SGSN.KCP.N91; APM_AFMO_SGSN.IMAGES.CHEQUES.N92; APM_AFMO_SGSN.DPWORLD.N80; APM_AFMO_SGSN.HATARI.N87; APM_AFMO_SGSN.BANQUEPRIVEE.N86; APM_AFMO_SGSN.SAFECLEAR.N64; CSM_RBD_IAS.AIX_ALL; CSM_RBD_IAS.LINUX_ALL; CSM_RBD_IAS.WINDOWS_ALL; MUT_SGSS_DLFR; MUT_GCR_ORACLE; MUT_GCR_MQ; CSM_SEC_SGCONNECT.L1; APM_RCR_TDP; APM_AFMO_SGSN.LOCOMOTIV.N71; APM_AFMO_SGSN.SOGESGL.N68; APM_AFMO_SGSN.MERCI.N63; APM_IBFS_SGEF.PL.CD3.EGJ; APM_IBFS_SGEF.PL.EGERIA.EGI; APM_IBFS_SGEF.PL.WEBCON.EGH; APM_IBFS_SGEF.IT.TASKIT.TAT; APM_IBFS_SGEF.IT.BOARD.GIB; APM_IBFS_SGEF.IT.ACROS.AOS; APM_GTS_LUIGI.DWF.MIGRATION.FACTORY; APM_GTS.SEC.STS_ILU; APM_GTS_CG.CITRIX.ACCESS.CHAIN; APM_GTS_CYBERARK.YOGA.MAINFRAME; APM_GTS_AD.REMDIATION.PATH; APM_GCR_SIB; APM_L1.GBTO_X.ONE.L1; APM_IBFS_SGEF.IT.WINTIME.WTM; CSM_SYS_SSHKIT.SSK; CSM_SYS_WW.PUPPET.AAS; APM_GTS.SEC.STS_DATA4SEC; APM_GCR_PFI; APM_L3.GBTO.EUR_CG.X.ONE.CL.EUR; APM_GCR_OIB; APM_GBTO_CG.NG.OIB; APM_GBTO_CHR.NCI; APM_L1.GBTO_REPLAY; APM_GCR_PTF; APM_GBTO_CHR.IDL.COCKPIT; APM_GTS_FLO; CSM_ADMIN_IAS.LINUX_ALL; CSM_SYS-NTS_1326_DEV-WINDOWS.CORE.INFRA; CSM_SYS-WUM-WW.UNIX.MASTER; CSM_ADMIN_IAS.WINDOWS_ALL; Decom_APM_L1.SGRF_URTA; APM_L1.GBTO_EOLE.ALISE.GATE.L1; APM_L1.SGRF_CRISTAL.PFP.ELAPS; APM_L1.SGRF_MCF.L1; APM_L3.SABA.GTS.REBOUND_SABA.FRA.STS.TOOLING.AK759; APM_GTS.SEC.STS_MYFLOWS; APM_GBTO_CHR.STAFF.REGISTRATION.TOOL; APM_CFT_CHR.GIZEH; APM_RBS_CREDIT360; APM_CFT_CHR.AIMS.GEN2; APM_CFT_CHR.AIMS.GEN1; APM_RBS_PED; APM_GTS.SEC.SCS_PKC.IAAS; APM_GBTO_CHR.STAFF.REGISTRATION.TOOL.IAAS; APM_CFT_LS.MINT.IAAS; APM_L3.GBTO.EUR_CG.X.ONE.CL.EUR.IAAS; APM_GCR_E.CASH.IAAS; APM_GBTO_BANCS.CASH.BCH.IAAS; APM_GBTO_CHR.IDL.COCKPIT.IAAS; APM_CFT_CHR.SCREENING.ALERTS.STA.IAAS; APM_GBTO_CHR.NCI.IAAS; APM_CFT_LS.OSAM.IAAS,,APM_GCR_CLS.CONTROL.BRANCH; APM_AFMO_SGSN.DPWORLD.N80; CSM_SEC_SGCONNECT.L1; APM_GCR_SIB; APM_GBTO_CHR.IDL.COCKPIT; Decom_APM_L1.SGRF_URTA; APM_GBTO_CHR.STAFF.REGISTRATION.TOOL; APM_CFT_CHR.SCREENING.ALERTS.STA; APM_GBTO_CHR.NCI.IAAS; APM_AFMO_SGSN.IMAGES.CHEQUES.N92; CSM_RBD_IAS.LINUX_ALL; APM_AFMO_SGSN.MERCI.N63; APM_GBTO_CHR.NCI; APM_GTS.SEC.STS_MYFLOWS; APM_CFT_CHR.SCREENING.ALERTS.STA.IAAS; APM_CFT_LS.OSAM.IAAS; APM_GBTO_CHR.JEDEAI; APM_IBFS_SGEF.PL.CD3.EGJ; APM_CFT_LS.MINT; APM_RCR_TDP; APM_CFT_CHR.AIMS.GEN2; APM_GTS.SEC.DSS_VARONIS.EMEA; APM_IBFS_SGEF.PL.EGERIA.EGI; APM_GTS_LUIGI.DWF.MIGRATION.FACTORY; CSM_SYS_WW.PUPPET.AAS; APM_GCR_PFI; APM_GTS_FLO; CSM_SYS-NTS_1326_DEV-WINDOWS.CORE.INFRA; APM_L1.GBTO_EOLE.ALISE.GATE.L1; CSM_GTS_DLP.MAIN.DLP; CSM_RBD_IAS.WINDOWS_ALL; MUT_SGSS_DLFR; APM_AFMO_SGSN.LOCOMOTIV.N71; APM_IBFS_SGEF.IT.TASKIT.TAT; APM_GCR_OIB; APM_L3.GBTO.EUR_CG.X.ONE.CL.EUR.IAAS; APM_GTS.SEC.SCS_PKC; APM_GBTO_CHR.RFI; APM_GBTO_CHR.N-TIER; APM_GTS_CHR.DATA4SEC; APM_GBTO_CHR.ALLTRA; APM_L1.GBTO_X.ONE.L1; APM_GTS.SEC.SCS_HASHICORP.CP.MYVAULT; APM_RBS_PED; APM_CFT_LS.OSAM; APM_L1.SGRF_CRISTAL.PFP.ELAPS; APM_L1.SGRF_MCF.L1; APM_CFT_CHR.AIMS.GEN1; APM_CFT_LS.MINT.IAAS; CSM_RBD_CYBERARK.ALERO.GTS; APM_GCR_E.CASH; APM_IBFS_SGEF.IT.ACROS.AOS; APM_GTS_CYBERARK.YOGA.MAINFRAME; APM_L3.SABA.GTS.REBOUND_SABA.FRA.STS.TOOLING.AK759; APM_GTS_L1.HSM.TOOLING; APM_AFMO_SGSN.KCP.N91; CSM_RBD_IAS.AIX_ALL; APM_IBFS_SGEF.PL.WEBCON.EGH; APM_GTS.SEC.STS_ILU; APM_GTS_CG.CITRIX.ACCESS.CHAIN; APM_AFMO_SGSN.DOCUBASE.N90; APM_GBTO_BANCS.CASH.BCH; APM_AFMO_SGSN.SAFECLEAR.N64; MUT_GCR_MQ; APM_AFMO_SGSN.SOGESGL.N68; CSM_SYS_SSHKIT.SSK; APM_CFT_CHR.GIZEH; APM_GTS.SEC.DSS_VARONIS.CORP; APM_GCR_BCA; APM_IBFS_SGEF.IT.BOARD.GIB; APM_GTS_AD.REMDIATION.PATH; APM_GCR_PTF; APM_GBTO_BANCS.CASH.BCH.IAAS; APM_GBTO_CHR.IDL.COCKPIT.IAAS; APM_GCR_SRG.BIR; APM_AFMO_SGSN.BANQUEPRIVEE.N86; MUT_GCR_ORACLE; APM_GTS.SEC.STS_DATA4SEC; APM_L3.GBTO.EUR_CG.X.ONE.CL.EUR; CSM_SYS-WUM-WW.UNIX.MASTER; APM_GCR_E.CASH.IAAS; APM_GTS.SEC.DSS_VARONIS.ITIM; APM_AFMO_SGSN.HATARI.N87; APM_IBFS_SGEF.IT.WINTIME.WTM; APM_GBTO_CG.NG.OIB; CSM_ADMIN_IAS.LINUX_ALL; CSM_ADMIN_IAS.WINDOWS_ALL; APM_RBS_CREDIT360; APM_GTS.SEC.SCS_PKC.IAAS; APM_GTS_DLP.MAIL.PREVENT; APM_GBTO_CHR.STAFF.REGISTRATION.TOOL.IAAS; APM_CFT_CHR.STAR; APM_L1.GBTO_REPLAY; AP_GTS_ILU,/orgs/1/sec_policy/draft/label_groups/3bb045b6-847a-4487-9f2c-a72c29b3078c
KPI_PROGRAM_BCE.RECO.13.SEC.DVF-LGA,app,KPI Label Group for applications managed in RECO13 Program part of SEC.DVF Entity,CSM_RBD_SEC.ACS.OFP_ALL; CSM_RBD_SEC.ACS.ID1_ALL; CSM_RBD_SEC.ACS.ID2_ALL; APM_L3.GTS.EUR_ILLUMIO.L3; APM_L3.SABA.GTS.REBOUND_SABA.FRA.STS.TOOLING.AK759; APM_L3.SABA.GTS.REBOUND_SABA.SEC.ACS.DMS.A7063; APM_L3.NSAL3P.GTS.DATA_KEY; APM_L3.NSAL3P.GTS.DATA.INTERNAL_KMP; APM_L3.NSAL3P.GTS.DATA.EXTERNAL_KMP; APM_L3.GTS.EUR_ILLUMIO.SM.L3; APM_L3.SABA.EUR.CYBERARK.TOOLS_SABA.EUR.CYBERARK.TOOLS.A7099; CSM_L3.SABA.ASIA.CYBERARK.STANDARD_CYBERARK.SABA.ASIA.GTS; CSM_L3.SABA.ASIA.CYBERARK.STANDARD_CYBERARK.SABA.ASIA.BUSU; CSM_L3.SABA.ASIA.CYBERARK.PREMIUM_CYBERARK.SABA.ASIA.GTS; CSM_L3.SABA.ASIA.CYBERARK.PREMIUM_CYBERARK.SABA.ASIA.BUSU,,CSM_RBD_SEC.ACS.ID1_ALL; APM_L3.NSAL3P.GTS.DATA.EXTERNAL_KMP; CSM_L3.SABA.ASIA.CYBERARK.PREMIUM_CYBERARK.SABA.ASIA.BUSU; CSM_RBD_SEC.ACS.ID2_ALL; APM_L3.SABA.GTS.REBOUND_SABA.FRA.STS.TOOLING.AK759; CSM_L3.SABA.ASIA.CYBERARK.STANDARD_CYBERARK.SABA.ASIA.BUSU; CSM_RBD_SEC.ACS.OFP_ALL; APM_L3.NSAL3P.GTS.DATA.INTERNAL_KMP; APM_L3.GTS.EUR_ILLUMIO.SM.L3; APM_L3.SABA.EUR.CYBERARK.TOOLS_SABA.EUR.CYBERARK.TOOLS.A7099; CSM_L3.SABA.ASIA.CYBERARK.STANDARD_CYBERARK.SABA.ASIA.GTS; CSM_L3.SABA.ASIA.CYBERARK.PREMIUM_CYBERARK.SABA.ASIA.GTS; APM_L3.GTS.EUR_ILLUMIO.L3; APM_L3.SABA.GTS.REBOUND_SABA.SEC.ACS.DMS.A7063; APM_L3.NSAL3P.GTS.DATA_KEY,/orgs/1/sec_policy/draft/label_groups/6f548990-5424-4469-8403-da25f68efdab
KPI_SUB_ENTITY_RESG-GTS.DWS-LGA,app,For KPI calculation purpose. Label group that contain Application Labels part of GTS.DWS Sub-entity,CSM_DEP_FRA.SCCM.CORP; CSM_GTS_FRA.NDG.MASTERING.INFRA; APM_GTS_DWS.FR; CSM_CTX_FRA.CTX.PUBLISHED.DESKTOP; CTX_GCR_COMMON_DESKTOP-AG; APM_GTS_LUIGI.DWF.MIGRATION.FACTORY; CSM_NET_FRA.PEPSY.ROUGE.DHCP; APM_GTS_DWS.WKS.FR; APM_GTS_CG.CITRIX.ACCESS.CHAIN; CSM_SEC_SEPM.WW; CSM_SEC_SEPM.GSC; CS_SEC_ANTIVIR.SEPM_ALL; CSM_L3.SABA.DWS_SABA.DWS.CWS.AK678; APM_L3.SABA.DWS_SABA.DWS.UCS.AK679; APM_L3.SABA.DWS_SABA.DWS.EVS.CORP.AK675; APM_L3.SABA.DWS_SABA.DWS.EVS.DOMFR00.AK676,,APM_GTS_DWS.FR; CSM_CTX_FRA.CTX.PUBLISHED.DESKTOP; CTX_GCR_COMMON_DESKTOP-AG; CSM_NET_FRA.PEPSY.ROUGE.DHCP; CSM_SEC_SEPM.GSC; CSM_L3.SABA.DWS_SABA.DWS.CWS.AK678; CSM_GTS_FRA.NDG.MASTERING.INFRA; APM_L3.SABA.DWS_SABA.DWS.EVS.CORP.AK675; APM_L3.SABA.DWS_SABA.DWS.EVS.DOMFR00.AK676; CSM_DEP_FRA.SCCM.CORP; APM_GTS_LUIGI.DWF.MIGRATION.FACTORY; APM_GTS_CG.CITRIX.ACCESS.CHAIN; CSM_SEC_SEPM.WW; APM_GTS_DWS.WKS.FR; CS_SEC_ANTIVIR.SEPM_ALL; APM_L3.SABA.DWS_SABA.DWS.UCS.AK679,/orgs/1/sec_policy/draft/label_groups/521a208b-af70-49f1-a6e9-2d9703ea32a9
